ticker,date,signal,tier,primary_strategy,strategy_name,strategies_active,n_signals,hold_days,exit_date,current_price,entry_lo,entry_hi,target,stop_loss,reward_pct,risk_pct,rr_ratio,dir_prob,win_rate_hist,rsi_14,adx_14,macd_histogram,rel_volume,net_foreign_flow_5d,hurst_60d,t25_risk_val,t25_risk_label,garch_sigma,vwap_deviation,strat_PRICE_DOWN_15_MA20,strat_RSI_OVERSOLD,strat_PRICE_DOWN_15_20D,strat_DMI_WAVE,strat_SAR_MACD,strat_BOLLINGER,strat_VOLUME_EXPLOSION,strat_UPTREND,strat_STOCH_RSI
PDR,2016-11-02,BUY,3,SAR_MACD,SAR × MACD Histogram,['SAR_MACD'],1,20,2016-11-30,3.26,0,0,0,0,-100.0,100.0,-1.0,70.6,70.6,57.7,18.9,0.0041,0.97,3.23,0.961,6.21,TRUNG BÌNH,34.62,2.11,0,0,0,0,1,0,0,0,0
PDR,2017-02-09,BUY,3,UPTREND,Uptrend,['UPTREND'],1,180,2017-10-19,3.43,0,0,0,0,-100.0,100.0,-1.0,59.3,59.3,71.4,28.3,0.0193,1.37,0.56,0.99,3.2,THẤP,17.81,4.76,0,0,0,0,0,0,0,1,0
PDR,2017-02-13,BUY,3,UPTREND,Uptrend,['UPTREND'],1,180,2017-10-23,3.38,0,0,0,0,-100.0,100.0,-1.0,59.3,59.3,61.5,26.6,0.0124,1.05,0.53,0.99,3.09,THẤP,17.21,2.59,0,0,0,0,0,0,0,1,0
PDR,2017-02-14,BUY,3,UPTREND,Uptrend,['UPTREND'],1,180,2017-10-24,3.38,0,0,0,0,-100.0,100.0,-1.0,59.3,59.3,61.5,25.3,0.0088,0.97,3.68,0.99,3.0,THẤP,16.69,2.24,0,0,0,0,0,0,0,1,0
PDR,2017-02-17,BUY,3,UPTREND,Uptrend,['UPTREND'],1,180,2017-10-27,3.44,0,0,0,0,-100.0,100.0,-1.0,59.3,59.3,68.3,25.2,0.0071,1.5,-5.37,0.99,2.83,THẤP,15.76,2.95,0,0,0,0,0,0,0,1,0
PDR,2017-02-20,BUY,2,DMI_WAVE,Lướt Sóng DMI,"['DMI_WAVE', 'UPTREND']",2,10,2017-03-06,3.61,0,0,0,0,-100.0,100.0,-1.0,75.0,70.0,80.0,27.6,0.0172,2.17,8.26,0.99,4.41,TRUNG BÌNH,24.55,7.25,0,0,0,1,0,0,0,1,0
PDR,2017-02-21,BUY,3,UPTREND,Uptrend,['UPTREND'],1,180,2017-10-31,3.55,0,0,0,0,-100.0,100.0,-1.0,59.3,59.3,70.2,29.9,0.0183,1.53,0.69,0.99,4.43,TRUNG BÌNH,24.66,4.79,0,0,0,0,0,0,0,1,0
PDR,2017-02-22,BUY,3,UPTREND,Uptrend,['UPTREND'],1,180,2017-11-01,3.55,0,0,0,0,-100.0,100.0,-1.0,59.3,59.3,70.2,30.9,0.0176,1.34,1.44,0.99,4.29,TRUNG BÌNH,23.91,4.12,0,0,0,0,0,0,0,1,0
PDR,2017-02-23,BUY,2,DMI_WAVE,Lướt Sóng DMI,"['DMI_WAVE', 'UPTREND']",2,10,2017-03-09,3.54,0,0,0,0,-100.0,100.0,-1.0,75.0,70.0,68.5,32.2,0.0152,0.85,2.99,0.975,4.17,TRUNG BÌNH,23.21,3.19,0,0,0,1,0,0,0,1,0
PDR,2017-02-24,BUY,3,UPTREND,Uptrend,['UPTREND'],1,180,2017-11-03,3.55,0,0,0,0,-100.0,100.0,-1.0,59.3,59.3,69.3,33.4,0.0129,1.48,2.26,0.956,4.04,TRUNG BÌNH,22.53,3.12,0,0,0,0,0,0,0,1,0
PDR,2017-02-27,BUY,3,UPTREND,Uptrend,['UPTREND'],1,180,2017-11-06,3.49,0,0,0,0,-100.0,100.0,-1.0,59.3,59.3,59.9,33.5,0.0064,1.15,-4.4,0.921,4.09,TRUNG BÌNH,22.81,1.11,0,0,0,0,0,0,0,1,0
PDR,2017-02-28,BUY,3,UPTREND,Uptrend,['UPTREND'],1,180,2017-11-07,3.5,0,0,0,0,-100.0,100.0,-1.0,59.3,59.3,60.8,33.3,0.0021,2.03,-2.43,0.898,3.97,THẤP,22.14,1.14,0,0,0,0,0,0,0,1,0
PDR,2017-03-01,BUY,3,UPTREND,Uptrend,['UPTREND'],1,180,2017-11-08,3.49,0,0,0,0,-100.0,100.0,-1.0,59.3,59.3,59.3,32.9,-0.002,3.5,-1.37,0.908,3.86,THẤP,21.5,0.66,0,0,0,0,0,0,0,1,0
PDR,2017-03-03,BUY,3,UPTREND,Uptrend,['UPTREND'],1,180,2017-11-10,3.5,0,0,0,0,-100.0,100.0,-1.0,59.3,59.3,58.6,31.0,-0.0084,1.19,3.07,0.969,3.95,THẤP,21.99,0.85,0,0,0,0,0,0,0,1,0
PDR,2017-03-06,BUY,3,UPTREND,Uptrend,['UPTREND'],1,180,2017-11-13,3.47,0,0,0,0,-100.0,100.0,-1.0,59.3,59.3,54.7,30.2,-0.0105,1.39,-0.8,0.989,3.87,THẤP,21.58,-0.09,0,0,0,0,0,0,0,1,0
PDR,2017-03-20,BUY,3,UPTREND,Uptrend,['UPTREND'],1,180,2017-11-27,3.58,0,0,0,0,-100.0,100.0,-1.0,59.3,59.3,61.7,28.3,-0.004,0.84,7.01,0.99,6.0,TRUNG BÌNH,33.4,3.26,0,0,0,0,0,0,0,1,0
PDR,2017-03-21,BUY,3,UPTREND,Uptrend,['UPTREND'],1,180,2017-11-28,3.55,0,0,0,0,-100.0,100.0,-1.0,59.3,59.3,59.0,26.3,0.0031,0.64,2.95,0.985,5.84,TRUNG BÌNH,32.55,2.45,0,0,0,0,0,0,0,1,0
PDR,2017-03-22,BUY,3,UPTREND,Uptrend,['UPTREND'],1,180,2017-11-29,3.67,0,0,0,0,-100.0,100.0,-1.0,59.3,59.3,65.6,26.4,0.0148,1.48,7.46,0.97,6.14,TRUNG BÌNH,34.19,5.52,0,0,0,0,0,0,0,1,0
PDR,2017-03-23,BUY,3,UPTREND,Uptrend,['UPTREND'],1,180,2017-11-30,3.77,0,0,0,0,-100.0,100.0,-1.0,59.3,59.3,70.0,26.5,0.0276,0.56,7.05,0.99,6.25,TRUNG BÌNH,34.8,8.22,0,0,0,0,0,0,0,1,0
PDR,2017-03-24,BUY,2,DMI_WAVE,Lướt Sóng DMI,"['DMI_WAVE', 'UPTREND']",2,10,2017-04-07,3.76,0,0,0,0,-100.0,100.0,-1.0,75.0,70.0,69.0,27.0,0.0333,1.24,7.64,0.99,6.06,TRUNG BÌNH,33.75,7.46,0,0,0,1,0,0,0,1,0
PDR,2017-03-27,BUY,3,UPTREND,Uptrend,['UPTREND'],1,180,2017-12-04,3.72,0,0,0,0,-100.0,100.0,-1.0,59.3,59.3,65.2,27.3,0.0323,0.38,3.13,0.987,5.92,TRUNG BÌNH,32.98,6.19,0,0,0,0,0,0,0,1,0
PDR,2017-03-28,BUY,3,UPTREND,Uptrend,['UPTREND'],1,180,2017-12-05,3.7,0,0,0,0,-100.0,100.0,-1.0,59.3,59.3,63.4,27.4,0.0283,0.33,-4.5,0.99,5.75,TRUNG BÌNH,32.05,5.51,0,0,0,0,0,0,0,1,0
PDR,2017-03-29,BUY,2,DMI_WAVE,Lướt Sóng DMI,"['DMI_WAVE', 'UPTREND']",2,10,2017-04-12,3.87,0,0,0,0,-100.0,100.0,-1.0,75.0,70.0,71.0,28.3,0.0347,0.73,0.77,0.99,6.43,TRUNG BÌNH,35.84,9.93,0,0,0,1,0,0,0,1,0
PDR,2017-04-05,BUY,3,UPTREND,Uptrend,['UPTREND'],1,180,2017-12-13,5.07,0,0,0,0,-100.0,100.0,-1.0,59.3,59.3,89.8,41.6,0.1513,0.82,20.61,0.99,10.16,CAO,56.61,34.2,0,0,0,0,0,0,0,1,0
PDR,2017-04-20,BUY,3,UPTREND,Uptrend,['UPTREND'],1,180,2017-12-28,5.73,0,0,0,0,-100.0,100.0,-1.0,59.3,59.3,67.5,52.1,0.048,0.56,-1.7,0.99,11.66,CAO,64.94,18.08,0,0,0,0,0,0,0,1,0
PDR,2017-04-21,BUY,3,UPTREND,Uptrend,['UPTREND'],1,180,2017-12-29,5.88,0,0,0,0,-100.0,100.0,-1.0,59.3,59.3,69.4,50.1,0.0216,0.77,-3.67,0.982,11.45,CAO,63.78,19.09,0,0,0,0,0,0,0,1,0
PDR,2017-04-24,BUY,3,UPTREND,Uptrend,['UPTREND'],1,180,2018-01-01,5.85,0,0,0,0,-100.0,100.0,-1.0,59.3,59.3,68.6,48.4,-0.0032,0.32,1.01,0.99,11.1,CAO,61.87,15.19,0,0,0,0,0,0,0,1,0
PDR,2017-04-25,BUY,3,UPTREND,Uptrend,['UPTREND'],1,180,2018-01-02,6.02,0,0,0,0,-100.0,100.0,-1.0,59.3,59.3,70.8,47.0,-0.013,0.72,0.01,0.99,10.96,CAO,61.04,16.83,0,0,0,0,0,0,0,1,0
PDR,2017-04-26,BUY,2,UPTREND,Uptrend,"['UPTREND', 'STOCH_RSI']",2,180,2018-01-03,6.15,0,0,0,0,-100.0,100.0,-1.0,64.3,59.3,72.5,46.3,-0.0154,0.56,6.09,0.99,10.73,CAO,59.77,17.82,0,0,0,0,0,0,0,1,1
PDR,2017-04-27,BUY,2,UPTREND,Uptrend,"['UPTREND', 'STOCH_RSI']",2,180,2018-01-04,6.27,0,0,0,0,-100.0,100.0,-1.0,64.3,59.3,74.0,45.9,-0.0136,1.27,6.42,0.99,10.49,CAO,58.44,16.87,0,0,0,0,0,0,0,1,1
PDR,2017-04-28,BUY,3,UPTREND,Uptrend,['UPTREND'],1,180,2018-01-05,6.21,0,0,0,0,-100.0,100.0,-1.0,59.3,59.3,71.9,45.6,-0.0208,0.8,2.7,0.99,10.19,CAO,56.79,11.84,0,0,0,0,0,0,0,1,0
PDR,2017-05-03,BUY,3,UPTREND,Uptrend,['UPTREND'],1,180,2018-01-10,6.05,0,0,0,0,-100.0,100.0,-1.0,59.3,59.3,66.6,43.9,-0.0395,1.14,2.94,0.99,10.04,CAO,55.96,5.44,0,0,0,0,0,0,0,1,0
PDR,2017-05-04,BUY,3,UPTREND,Uptrend,['UPTREND'],1,180,2018-01-11,6.05,0,0,0,0,-100.0,100.0,-1.0,59.3,59.3,66.6,42.4,-0.0541,0.83,1.02,0.99,9.74,CAO,54.26,4.9,0,0,0,0,0,0,0,1,0
PDR,2017-05-05,BUY,3,UPTREND,Uptrend,['UPTREND'],1,180,2018-01-12,6.25,0,0,0,0,-100.0,100.0,-1.0,59.3,59.3,69.8,41.1,-0.0526,1.59,1.19,0.99,9.72,CAO,54.15,5.45,0,0,0,0,0,0,0,1,0
PDR,2017-05-08,BUY,3,UPTREND,Uptrend,['UPTREND'],1,180,2018-01-15,6.67,0,0,0,0,-100.0,100.0,-1.0,59.3,59.3,75.2,40.8,-0.0269,1.71,3.81,0.99,10.53,CAO,58.64,10.19,0,0,0,0,0,0,0,1,0
PDR,2017-05-15,BUY,3,UPTREND,Uptrend,['UPTREND'],1,180,2018-01-22,6.74,0,0,0,0,-100.0,100.0,-1.0,59.3,59.3,71.0,37.7,-0.026,1.06,-1.81,0.99,9.62,CAO,53.58,8.59,0,0,0,0,0,0,0,1,0
PDR,2017-05-16,BUY,3,UPTREND,Uptrend,['UPTREND'],1,180,2018-01-23,6.71,0,0,0,0,-100.0,100.0,-1.0,59.3,59.3,70.0,37.5,-0.0281,1.37,-4.89,0.99,9.33,CAO,51.98,7.27,0,0,0,0,0,0,0,1,0
PDR,2017-05-17,BUY,3,UPTREND,Uptrend,['UPTREND'],1,180,2018-01-24,6.56,0,0,0,0,-100.0,100.0,-1.0,59.3,59.3,64.8,35.9,-0.042,1.04,1.36,0.99,9.18,CAO,51.14,4.46,0,0,0,0,0,0,0,1,0
PDR,2017-05-18,BUY,3,UPTREND,Uptrend,['UPTREND'],1,180,2018-01-25,6.44,0,0,0,0,-100.0,100.0,-1.0,59.3,59.3,61.0,34.4,-0.0604,0.65,-0.15,0.99,8.99,CAO,50.09,2.2,0,0,0,0,0,0,0,1,0
PDR,2017-05-26,BUY,2,UPTREND,Uptrend,"['UPTREND', 'STOCH_RSI']",2,180,2018-02-02,6.59,0,0,0,0,-100.0,100.0,-1.0,64.3,59.3,63.0,26.9,-0.082,1.59,1.99,0.99,8.21,CAO,45.76,2.61,0,0,0,0,0,0,0,1,1
PDR,2017-05-29,BUY,2,UPTREND,Uptrend,"['UPTREND', 'STOCH_RSI']",2,180,2018-02-05,6.53,0,0,0,0,-100.0,100.0,-1.0,64.3,59.3,60.9,26.5,-0.0719,0.71,9.34,0.99,7.99,TRUNG BÌNH,44.51,1.44,0,0,0,0,0,0,0,1,1
PDR,2017-06-13,BUY,3,BOLLINGER,Mở Band Bollinger,['BOLLINGER'],1,5,2017-06-20,6.98,0,0,0,0,-100.0,100.0,-1.0,58.2,58.2,70.2,24.8,0.0035,2.27,4.21,0.99,7.13,TRUNG BÌNH,39.72,7.31,0,0,0,0,0,1,0,0,0
PDR,2017-06-14,BUY,2,DMI_WAVE,Lướt Sóng DMI,"['DMI_WAVE', 'UPTREND']",2,10,2017-06-28,7.02,0,0,0,0,-100.0,100.0,-1.0,75.0,70.0,71.1,26.5,0.0204,0.86,6.11,0.99,6.92,TRUNG BÌNH,38.57,7.6,0,0,0,1,0,0,0,1,0
PDR,2017-06-16,BUY,3,UPTREND,Uptrend,['UPTREND'],1,180,2018-02-23,6.91,0,0,0,0,-100.0,100.0,-1.0,59.3,59.3,65.7,27.9,0.0202,0.96,2.66,0.99,6.56,TRUNG BÌNH,36.55,5.14,0,0,0,0,0,0,0,1,0
PDR,2017-06-19,BUY,2,DMI_WAVE,Lướt Sóng DMI,"['DMI_WAVE', 'UPTREND']",2,10,2017-07-03,6.94,0,0,0,0,-100.0,100.0,-1.0,75.0,70.0,66.5,28.5,0.0175,1.12,1.34,0.99,6.37,TRUNG BÌNH,35.48,5.2,0,0,0,1,0,0,0,1,0
PDR,2017-06-21,BUY,2,DMI_WAVE,Lướt Sóng DMI,"['DMI_WAVE', 'UPTREND']",2,10,2017-07-05,7.17,0,0,0,0,-100.0,100.0,-1.0,75.0,70.0,72.1,30.1,0.023,1.88,1.75,0.99,6.38,TRUNG BÌNH,35.55,7.44,0,0,0,1,0,0,0,1,0
PDR,2017-06-22,BUY,2,DMI_WAVE,Lướt Sóng DMI,"['DMI_WAVE', 'UPTREND']",2,10,2017-07-06,7.53,0,0,0,0,-100.0,100.0,-1.0,75.0,70.0,78.3,32.1,0.0488,1.91,8.59,0.99,7.11,TRUNG BÌNH,39.61,11.52,0,0,0,1,0,0,0,1,0
PDR,2017-06-23,BUY,3,UPTREND,Uptrend,['UPTREND'],1,180,2018-03-02,7.54,0,0,0,0,-100.0,100.0,-1.0,59.3,59.3,78.4,33.8,0.0611,1.2,-0.69,0.99,6.89,TRUNG BÌNH,38.41,10.67,0,0,0,0,0,0,0,1,0
PDR,2017-06-26,BUY,3,UPTREND,Uptrend,['UPTREND'],1,180,2018-03-05,7.42,0,0,0,0,-100.0,100.0,-1.0,59.3,59.3,72.3,34.1,0.0559,1.4,4.8,0.99,6.78,TRUNG BÌNH,37.75,8.14,0,0,0,0,0,0,0,1,0
PDR,2017-06-27,BUY,3,UPTREND,Uptrend,['UPTREND'],1,180,2018-03-06,7.27,0,0,0,0,-100.0,100.0,-1.0,59.3,59.3,65.4,34.4,0.0379,1.15,5.05,0.99,6.72,TRUNG BÌNH,37.44,5.27,0,0,0,0,0,0,0,1,0
PDR,2017-06-28,BUY,3,UPTREND,Uptrend,['UPTREND'],1,180,2018-03-07,7.39,0,0,0,0,-100.0,100.0,-1.0,59.3,59.3,68.0,34.1,0.0301,0.96,4.93,0.99,6.62,TRUNG BÌNH,36.86,6.29,0,0,0,0,0,0,0,1,0
PDR,2017-06-29,BUY,3,UPTREND,Uptrend,['UPTREND'],1,180,2018-03-08,7.45,0,0,0,0,-100.0,100.0,-1.0,59.3,59.3,69.3,33.9,0.0251,0.85,-0.03,0.99,6.44,TRUNG BÌNH,35.87,6.53,0,0,0,0,0,0,0,1,0
PDR,2017-06-30,BUY,3,UPTREND,Uptrend,['UPTREND'],1,180,2018-03-09,7.5,0,0,0,0,-100.0,100.0,-1.0,59.3,59.3,70.3,34.0,0.0214,1.16,-0.25,0.99,6.26,TRUNG BÌNH,34.88,6.31,0,0,0,0,0,0,0,1,0
PDR,2017-07-03,BUY,2,DMI_WAVE,Lướt Sóng DMI,"['DMI_WAVE', 'UPTREND']",2,10,2017-07-17,7.66,0,0,0,0,-100.0,100.0,-1.0,75.0,70.0,73.4,34.7,0.0258,1.3,6.16,0.966,6.25,TRUNG BÌNH,34.82,7.54,0,0,0,1,0,0,0,1,0
PDR,2017-07-04,BUY,3,UPTREND,Uptrend,['UPTREND'],1,180,2018-03-13,7.54,0,0,0,0,-100.0,100.0,-1.0,59.3,59.3,67.7,35.3,0.017,1.02,9.55,0.946,6.16,TRUNG BÌNH,34.3,5.13,0,0,0,0,0,0,0,1,0
PDR,2017-07-05,BUY,3,UPTREND,Uptrend,['UPTREND'],1,180,2018-03-14,7.56,0,0,0,0,-100.0,100.0,-1.0,59.3,59.3,68.1,35.6,0.0093,0.97,-0.64,0.975,5.97,TRUNG BÌNH,33.28,4.81,0,0,0,0,0,0,0,1,0
PDR,2017-07-06,BUY,3,UPTREND,Uptrend,['UPTREND'],1,180,2018-03-15,7.57,0,0,0,0,-100.0,100.0,-1.0,59.3,59.3,68.4,35.9,0.0021,0.75,0.06,0.99,5.79,TRUNG BÌNH,32.27,4.49,0,0,0,0,0,0,0,1,0
PDR,2017-07-07,BUY,2,DMI_WAVE,Lướt Sóng DMI,"['DMI_WAVE', 'UPTREND']",2,10,2017-07-21,7.56,0,0,0,0,-100.0,100.0,-1.0,75.0,70.0,67.8,36.6,-0.0057,1.03,1.05,0.99,5.62,TRUNG BÌNH,31.29,3.87,0,0,0,1,0,0,0,1,0
PDR,2017-07-25,BUY,3,STOCH_RSI,Giá Tăng + Stochastic RSI,['STOCH_RSI'],1,180,2018-04-03,7.29,0,0,0,0,-100.0,100.0,-1.0,53.2,53.2,56.3,21.7,-0.0413,1.08,1.19,0.99,4.96,TRUNG BÌNH,27.62,-0.47,0,0,0,0,0,0,0,0,1
PDR,2017-09-13,BUY,3,BOLLINGER,Mở Band Bollinger,['BOLLINGER'],1,5,2017-09-20,7.85,0,0,0,0,-100.0,100.0,-1.0,58.2,58.2,69.8,12.7,0.0302,1.92,3.88,0.99,4.23,TRUNG BÌNH,23.59,4.44,0,0,0,0,0,1,0,0,0
PDR,2017-09-25,BUY,3,UPTREND,Uptrend,['UPTREND'],1,180,2018-06-04,8.08,0,0,0,0,-100.0,100.0,-1.0,59.3,59.3,67.4,25.1,0.0432,1.2,0.94,0.99,4.87,TRUNG BÌNH,27.13,4.29,0,0,0,0,0,0,0,1,0
PDR,2017-09-26,BUY,2,DMI_WAVE,Lướt Sóng DMI,"['DMI_WAVE', 'UPTREND']",2,10,2017-10-10,8.25,0,0,0,0,-100.0,100.0,-1.0,75.0,70.0,71.9,27.1,0.0468,1.47,2.44,0.99,4.94,TRUNG BÌNH,27.54,5.92,0,0,0,1,0,0,0,1,0
PDR,2017-09-27,BUY,3,UPTREND,Uptrend,['UPTREND'],1,180,2018-06-06,8.3,0,0,0,0,-100.0,100.0,-1.0,59.3,59.3,73.1,29.1,0.0485,1.0,4.28,0.99,4.81,TRUNG BÌNH,26.81,6.04,0,0,0,0,0,0,0,1,0
PDR,2017-09-28,BUY,3,UPTREND,Uptrend,['UPTREND'],1,180,2018-06-07,8.17,0,0,0,0,-100.0,100.0,-1.0,59.3,59.3,65.4,30.4,0.0373,1.33,-3.15,0.99,4.79,TRUNG BÌNH,26.7,3.89,0,0,0,0,0,0,0,1,0
PDR,2017-09-29,BUY,3,UPTREND,Uptrend,['UPTREND'],1,180,2018-06-08,8.2,0,0,0,0,-100.0,100.0,-1.0,59.3,59.3,66.3,31.6,0.0288,1.01,-0.06,0.99,4.65,TRUNG BÌNH,25.92,3.78,0,0,0,0,0,0,0,1,0
PDR,2017-10-02,BUY,3,UPTREND,Uptrend,['UPTREND'],1,180,2018-06-11,8.19,0,0,0,0,-100.0,100.0,-1.0,59.3,59.3,65.7,32.6,0.0197,0.52,-0.4,0.99,4.51,TRUNG BÌNH,25.14,3.4,0,0,0,0,0,0,0,1,0
PDR,2017-10-03,BUY,3,UPTREND,Uptrend,['UPTREND'],1,180,2018-06-12,8.16,0,0,0,0,-100.0,100.0,-1.0,59.3,59.3,63.8,31.9,0.0095,0.77,-2.08,0.99,4.38,TRUNG BÌNH,24.41,2.73,0,0,0,0,0,0,0,1,0
PDR,2017-10-04,BUY,3,UPTREND,Uptrend,['UPTREND'],1,180,2018-06-13,8.16,0,0,0,0,-100.0,100.0,-1.0,59.3,59.3,63.8,31.3,0.001,0.86,-2.13,0.99,4.25,TRUNG BÌNH,23.67,2.43,0,0,0,0,0,0,0,1,0
PDR,2017-10-05,BUY,3,UPTREND,Uptrend,['UPTREND'],1,180,2018-06-14,8.25,0,0,0,0,-100.0,100.0,-1.0,59.3,59.3,67.1,31.4,-0.0003,0.92,-0.31,0.99,4.19,TRUNG BÌNH,23.34,3.18,0,0,0,0,0,0,0,1,0
PDR,2017-10-06,BUY,3,UPTREND,Uptrend,['UPTREND'],1,180,2018-06-15,8.25,0,0,0,0,-100.0,100.0,-1.0,59.3,59.3,67.1,31.5,-0.0027,0.7,2.01,0.99,4.06,TRUNG BÌNH,22.63,2.8,0,0,0,0,0,0,0,1,0
PDR,2017-10-09,BUY,1,SAR_MACD,SAR × MACD Histogram,"['DMI_WAVE', 'SAR_MACD', 'UPTREND']",3,20,2017-11-06,8.34,0,0,0,0,-100.0,100.0,-1.0,80.6,70.6,70.2,32.3,0.0,1.61,1.77,0.99,4.01,TRUNG BÌNH,22.35,3.34,0,0,0,1,1,0,0,1,0
PDR,2017-10-10,BUY,2,DMI_WAVE,Lướt Sóng DMI,"['DMI_WAVE', 'UPTREND']",2,10,2017-10-24,8.51,0,0,0,0,-100.0,100.0,-1.0,75.0,70.0,75.0,33.6,0.011,1.33,1.45,0.99,4.14,TRUNG BÌNH,23.07,4.87,0,0,0,1,0,0,0,1,0
PDR,2017-10-11,BUY,3,UPTREND,Uptrend,['UPTREND'],1,180,2018-06-20,8.51,0,0,0,0,-100.0,100.0,-1.0,59.3,59.3,75.0,34.8,0.0156,1.06,-2.82,0.99,4.02,TRUNG BÌNH,22.37,4.35,0,0,0,0,0,0,0,1,0
PDR,2017-10-12,BUY,3,UPTREND,Uptrend,['UPTREND'],1,180,2018-06-21,8.47,0,0,0,0,-100.0,100.0,-1.0,59.3,59.3,71.8,35.9,0.0135,0.6,4.69,0.99,3.91,THẤP,21.77,3.55,0,0,0,0,0,0,0,1,0
PDR,2017-10-16,BUY,3,UPTREND,Uptrend,['UPTREND'],1,180,2018-06-25,8.39,0,0,0,0,-100.0,100.0,-1.0,59.3,59.3,65.4,37.3,0.0,0.95,-2.51,0.99,3.73,THẤP,20.79,1.96,0,0,0,0,0,0,0,1,0
PDR,2017-10-17,BUY,3,UPTREND,Uptrend,['UPTREND'],1,180,2018-06-26,8.42,0,0,0,0,-100.0,100.0,-1.0,59.3,59.3,66.6,37.5,-0.0059,0.63,1.52,0.99,3.63,THẤP,20.2,2.03,0,0,0,0,0,0,0,1,0
PDR,2017-10-18,BUY,2,DMI_WAVE,Lướt Sóng DMI,"['DMI_WAVE', 'UPTREND']",2,10,2017-11-01,8.51,0,0,0,0,-100.0,100.0,-1.0,75.0,70.0,70.0,38.2,-0.0052,1.26,0.34,0.99,3.59,THẤP,20.02,2.73,0,0,0,1,0,0,0,1,0
PDR,2017-10-19,BUY,2,DMI_WAVE,Lướt Sóng DMI,"['DMI_WAVE', 'UPTREND']",2,10,2017-11-02,8.62,0,0,0,0,-100.0,100.0,-1.0,75.0,70.0,73.5,39.2,0.0007,1.26,0.61,0.99,3.6,THẤP,20.05,3.63,0,0,0,1,0,0,0,1,0
PDR,2017-10-20,BUY,3,UPTREND,Uptrend,['UPTREND'],1,180,2018-06-29,8.58,0,0,0,0,-100.0,100.0,-1.0,59.3,59.3,70.3,40.3,0.0002,1.04,-1.06,0.99,3.5,THẤP,19.53,2.87,0,0,0,0,0,0,0,1,0
PDR,2017-10-23,BUY,3,UPTREND,Uptrend,['UPTREND'],1,180,2018-07-02,8.52,0,0,0,0,-100.0,100.0,-1.0,59.3,59.3,65.6,41.2,-0.0057,0.74,-0.14,0.99,3.43,THẤP,19.12,1.92,0,0,0,0,0,0,0,1,0
PDR,2017-10-24,BUY,3,UPTREND,Uptrend,['UPTREND'],1,180,2018-07-03,8.63,0,0,0,0,-100.0,100.0,-1.0,59.3,59.3,69.6,42.2,-0.0038,0.85,-1.35,0.99,3.45,THẤP,19.21,2.99,0,0,0,0,0,0,0,1,0
PDR,2017-10-26,BUY,3,UPTREND,Uptrend,['UPTREND'],1,180,2018-07-05,8.6,0,0,0,0,-100.0,100.0,-1.0,59.3,59.3,66.7,43.8,-0.0072,0.65,-2.09,0.99,3.26,THẤP,18.15,2.23,0,0,0,0,0,0,0,1,0
PDR,2017-10-27,BUY,2,DMI_WAVE,Lướt Sóng DMI,"['DMI_WAVE', 'UPTREND']",2,10,2017-11-10,8.63,0,0,0,0,-100.0,100.0,-1.0,75.0,70.0,67.9,44.3,-0.009,1.15,4.88,0.99,3.17,THẤP,17.65,2.3,0,0,0,1,0,0,0,1,0
PDR,2017-10-30,BUY,3,UPTREND,Uptrend,['UPTREND'],1,180,2018-07-09,8.55,0,0,0,0,-100.0,100.0,-1.0,59.3,59.3,61.6,44.4,-0.0164,0.91,-0.82,0.99,3.14,THẤP,17.49,1.2,0,0,0,0,0,0,0,1,0
PDR,2017-10-31,BUY,3,UPTREND,Uptrend,['UPTREND'],1,180,2018-07-10,8.5,0,0,0,0,-100.0,100.0,-1.0,59.3,59.3,57.9,44.3,-0.025,0.84,-0.23,0.982,3.07,THẤP,17.11,0.41,0,0,0,0,0,0,0,1,0
PDR,2017-11-01,BUY,3,UPTREND,Uptrend,['UPTREND'],1,180,2018-07-11,8.5,0,0,0,0,-100.0,100.0,-1.0,59.3,59.3,57.9,43.6,-0.0306,0.81,-3.05,0.981,2.98,THẤP,16.59,0.22,0,0,0,0,0,0,0,1,0
PDR,2017-11-07,BUY,3,UPTREND,Uptrend,['UPTREND'],1,180,2018-07-17,8.73,0,0,0,0,-100.0,100.0,-1.0,59.3,59.3,68.4,41.8,-0.0209,1.49,1.78,0.99,3.23,THẤP,17.98,2.3,0,0,0,0,0,0,0,1,0
PDR,2017-11-08,BUY,2,DMI_WAVE,Lướt Sóng DMI,"['DMI_WAVE', 'UPTREND']",2,10,2017-11-22,8.77,0,0,0,0,-100.0,100.0,-1.0,75.0,70.0,69.9,42.5,-0.009,1.15,5.17,0.99,3.15,THẤP,17.52,2.59,0,0,0,1,0,0,0,1,0
PDR,2017-11-09,BUY,2,DMI_WAVE,Lướt Sóng DMI,"['DMI_WAVE', 'UPTREND']",2,10,2017-11-23,8.82,0,0,0,0,-100.0,100.0,-1.0,75.0,70.0,71.7,43.7,0.001,1.45,-0.27,0.99,3.08,THẤP,17.13,2.93,0,0,0,1,0,0,0,1,0
PDR,2017-11-10,BUY,3,UPTREND,Uptrend,['UPTREND'],1,180,2018-07-20,8.85,0,0,0,0,-100.0,100.0,-1.0,59.3,59.3,72.7,44.8,0.0079,1.23,-0.12,0.99,2.99,THẤP,16.66,3.05,0,0,0,0,0,0,0,1,0
PDR,2017-11-13,BUY,3,UPTREND,Uptrend,['UPTREND'],1,180,2018-07-23,8.77,0,0,0,0,-100.0,100.0,-1.0,59.3,59.3,65.8,45.8,0.0056,1.01,4.54,0.99,2.97,THẤP,16.53,1.88,0,0,0,0,0,0,0,1,0
PDR,2017-11-14,BUY,1,DMI_WAVE,Lướt Sóng DMI,"['DMI_WAVE', 'BOLLINGER', 'UPTREND']",3,10,2017-11-28,9.02,0,0,0,0,-100.0,100.0,-1.0,80.0,70.0,74.1,47.3,0.0186,1.84,1.06,0.99,3.5,THẤP,19.49,4.35,0,0,0,1,0,1,0,1,0
PDR,2017-11-15,BUY,2,DMI_WAVE,Lướt Sóng DMI,"['DMI_WAVE', 'UPTREND']",2,10,2017-11-29,9.12,0,0,0,0,-100.0,100.0,-1.0,75.0,70.0,76.6,48.9,0.0309,1.28,3.02,0.99,3.48,THẤP,19.38,5.04,0,0,0,1,0,0,0,1,0
PDR,2017-11-16,BUY,2,DMI_WAVE,Lướt Sóng DMI,"['DMI_WAVE', 'UPTREND']",2,10,2017-11-30,9.25,0,0,0,0,-100.0,100.0,-1.0,75.0,70.0,79.3,50.9,0.044,1.91,3.87,0.99,3.52,THẤP,19.59,5.82,0,0,0,1,0,0,0,1,0
PDR,2017-11-17,BUY,3,UPTREND,Uptrend,['UPTREND'],1,180,2018-07-27,9.22,0,0,0,0,-100.0,100.0,-1.0,59.3,59.3,77.1,52.7,0.0465,1.1,1.24,0.99,3.42,THẤP,19.04,5.07,0,0,0,0,0,0,0,1,0
PDR,2017-11-20,BUY,2,DMI_WAVE,Lướt Sóng DMI,"['DMI_WAVE', 'UPTREND']",2,10,2017-12-04,9.41,0,0,0,0,-100.0,100.0,-1.0,75.0,70.0,80.8,54.6,0.0563,1.33,1.37,0.99,3.61,THẤP,20.12,6.69,0,0,0,1,0,0,0,1,0
PDR,2017-11-21,BUY,3,UPTREND,Uptrend,['UPTREND'],1,180,2018-07-31,9.3,0,0,0,0,-100.0,100.0,-1.0,59.3,59.3,73.4,56.4,0.0508,0.9,3.78,0.99,3.6,THẤP,20.03,5.06,0,0,0,0,0,0,0,1,0
PDR,2017-11-22,BUY,3,UPTREND,Uptrend,['UPTREND'],1,180,2018-08-01,9.29,0,0,0,0,-100.0,100.0,-1.0,59.3,59.3,72.7,57.1,0.0423,0.91,-0.28,0.99,3.49,THẤP,19.42,4.63,0,0,0,0,0,0,0,1,0
PDR,2017-11-23,BUY,3,UPTREND,Uptrend,['UPTREND'],1,180,2018-08-02,9.18,0,0,0,0,-100.0,100.0,-1.0,59.3,59.3,65.8,56.6,0.0259,1.09,-0.72,0.99,3.48,THẤP,19.39,3.1,0,0,0,0,0,0,0,1,0
PDR,2017-11-24,BUY,2,DMI_WAVE,Lướt Sóng DMI,"['DMI_WAVE', 'UPTREND']",2,10,2017-12-08,9.65,0,0,0,0,-100.0,100.0,-1.0,75.0,70.0,76.2,57.1,0.0423,1.9,0.49,0.99,4.91,TRUNG BÌNH,27.38,7.54,0,0,0,1,0,0,0,1,0
PDR,2017-11-28,BUY,3,UPTREND,Uptrend,['UPTREND'],1,180,2018-08-07,9.75,0,0,0,0,-100.0,100.0,-1.0,59.3,59.3,77.0,58.1,0.0583,0.86,-2.12,0.99,4.7,TRUNG BÌNH,26.17,7.38,0,0,0,0,0,0,0,1,0
PDR,2017-11-29,BUY,3,UPTREND,Uptrend,['UPTREND'],1,180,2018-08-08,9.63,0,0,0,0,-100.0,100.0,-1.0,59.3,59.3,70.7,57.6,0.0467,0.95,1.37,0.99,4.63,TRUNG BÌNH,25.82,5.53,0,0,0,0,0,0,0,1,0
PDR,2017-11-30,BUY,3,UPTREND,Uptrend,['UPTREND'],1,180,2018-08-09,9.57,0,0,0,0,-100.0,100.0,-1.0,59.3,59.3,67.8,56.9,0.0308,0.71,10.26,0.99,4.51,TRUNG BÌNH,25.15,4.46,0,0,0,0,0,0,0,1,0
PDR,2017-12-01,BUY,3,UPTREND,Uptrend,['UPTREND'],1,180,2018-08-10,9.6,0,0,0,0,-100.0,100.0,-1.0,59.3,59.3,68.5,55.5,0.0187,0.85,-0.32,0.99,4.38,TRUNG BÌNH,24.42,4.3,0,0,0,0,0,0,0,1,0
PDR,2017-12-28,BUY,2,DMI_WAVE,Lướt Sóng DMI,"['DMI_WAVE', 'UPTREND']",2,10,2018-01-11,9.6,0,0,0,0,-100.0,100.0,-1.0,75.0,70.0,68.7,25.4,0.0307,1.25,-1.32,0.99,3.43,THẤP,19.1,3.72,0,0,0,1,0,0,0,1,0
PDR,2018-01-02,BUY,2,DMI_WAVE,Lướt Sóng DMI,"['DMI_WAVE', 'UPTREND']",2,10,2018-01-16,9.73,0,0,0,0,-100.0,100.0,-1.0,75.0,70.0,72.8,27.1,0.0406,1.18,6.4,0.99,3.36,THẤP,18.71,4.91,0,0,0,1,0,0,0,1,0
PDR,2018-01-04,BUY,3,UPTREND,Uptrend,['UPTREND'],1,180,2018-09-13,9.81,0,0,0,0,-100.0,100.0,-1.0,59.3,59.3,75.0,30.1,0.048,1.08,2.81,0.99,3.21,THẤP,17.86,4.97,0,0,0,0,0,0,0,1,0
PDR,2018-01-05,BUY,2,DMI_WAVE,Lướt Sóng DMI,"['DMI_WAVE', 'UPTREND']",2,10,2018-01-19,10.03,0,0,0,0,-100.0,100.0,-1.0,75.0,70.0,80.1,32.2,0.059,1.38,4.34,0.99,3.48,THẤP,19.39,6.76,0,0,0,1,0,0,0,1,0
PDR,2018-01-08,BUY,3,UPTREND,Uptrend,['UPTREND'],1,180,2018-09-17,9.98,0,0,0,0,-100.0,100.0,-1.0,59.3,59.3,76.3,34.1,0.0583,1.02,1.1,0.99,3.39,THẤP,18.9,5.8,0,0,0,0,0,0,0,1,0
PDR,2018-01-09,BUY,3,UPTREND,Uptrend,['UPTREND'],1,180,2018-09-18,9.95,0,0,0,0,-100.0,100.0,-1.0,59.3,59.3,74.0,35.9,0.0516,0.73,-3.46,0.99,3.29,THẤP,18.36,5.01,0,0,0,0,0,0,0,1,0
PDR,2018-01-10,BUY,2,DMI_WAVE,Lướt Sóng DMI,"['DMI_WAVE', 'UPTREND']",2,10,2018-01-24,10.35,0,0,0,0,-100.0,100.0,-1.0,75.0,70.0,81.8,38.4,0.0688,1.65,4.79,0.99,4.25,TRUNG BÌNH,23.69,8.09,0,0,0,1,0,0,0,1,0
PDR,2018-01-11,BUY,2,DMI_WAVE,Lướt Sóng DMI,"['DMI_WAVE', 'UPTREND']",2,10,2018-01-25,10.41,0,0,0,0,-100.0,100.0,-1.0,75.0,70.0,82.6,40.8,0.0781,0.98,5.83,0.99,4.14,TRUNG BÌNH,23.08,8.0,0,0,0,1,0,0,0,1,0
PDR,2018-01-12,BUY,3,UPTREND,Uptrend,['UPTREND'],1,180,2018-09-21,10.41,0,0,0,0,-100.0,100.0,-1.0,59.3,59.3,82.6,42.1,0.0781,1.44,2.26,0.99,4.02,TRUNG BÌNH,22.37,7.16,0,0,0,0,0,0,0,1,0
PDR,2018-01-15,BUY,3,UPTREND,Uptrend,['UPTREND'],1,180,2018-09-24,10.41,0,0,0,0,-100.0,100.0,-1.0,59.3,59.3,82.6,43.4,0.072,1.08,0.63,0.99,3.89,THẤP,21.69,6.5,0,0,0,0,0,0,0,1,0
PDR,2018-01-16,BUY,3,UPTREND,Uptrend,['UPTREND'],1,180,2018-09-25,10.16,0,0,0,0,-100.0,100.0,-1.0,59.3,59.3,66.7,43.4,0.0463,1.28,1.38,0.99,4.13,TRUNG BÌNH,23.01,3.38,0,0,0,0,0,0,0,1,0
PDR,2018-01-17,BUY,3,UPTREND,Uptrend,['UPTREND'],1,180,2018-09-26,10.16,0,0,0,0,-100.0,100.0,-1.0,59.3,59.3,66.7,43.2,0.0256,0.9,-2.34,0.99,4.0,TRUNG BÌNH,22.31,2.97,0,0,0,0,0,0,0,1,0
PDR,2018-01-18,BUY,3,UPTREND,Uptrend,['UPTREND'],1,180,2018-09-27,10.03,0,0,0,0,-100.0,100.0,-1.0,59.3,59.3,59.7,41.0,0.0006,0.9,5.94,0.99,3.98,THẤP,22.2,1.35,0,0,0,0,0,0,0,1,0
PDR,2018-01-19,BUY,3,UPTREND,Uptrend,['UPTREND'],1,180,2018-09-28,10.06,0,0,0,0,-100.0,100.0,-1.0,59.3,59.3,60.7,39.0,-0.0155,0.8,-2.02,0.99,3.87,THẤP,21.55,1.36,0,0,0,0,0,0,0,1,0
PDR,2018-01-22,BUY,3,UPTREND,Uptrend,['UPTREND'],1,180,2018-10-01,10.04,0,0,0,0,-100.0,100.0,-1.0,59.3,59.3,59.6,37.4,-0.0283,0.63,0.35,0.99,3.75,THẤP,20.91,0.9,0,0,0,0,0,0,0,1,0
PDR,2018-01-25,BUY,3,UPTREND,Uptrend,['UPTREND'],1,180,2018-10-04,10.27,0,0,0,0,-100.0,100.0,-1.0,59.3,59.3,66.9,36.8,-0.0223,1.64,-3.22,0.99,3.97,THẤP,22.14,2.69,0,0,0,0,0,0,0,1,0
PDR,2018-01-26,BUY,3,UPTREND,Uptrend,['UPTREND'],1,180,2018-10-05,10.42,0,0,0,0,-100.0,100.0,-1.0,59.3,59.3,70.7,36.5,-0.01,1.23,4.85,0.99,3.99,THẤP,22.21,3.73,0,0,0,0,0,0,0,1,0
PDR,2018-01-29,BUY,2,UPTREND,Uptrend,"['UPTREND', 'STOCH_RSI']",2,180,2018-10-08,10.42,0,0,0,0,-100.0,100.0,-1.0,64.3,59.3,70.7,36.3,-0.0039,0.91,2.72,0.99,3.86,THẤP,21.53,3.33,0,0,0,0,0,0,0,1,1
PDR,2018-01-30,BUY,3,UPTREND,Uptrend,['UPTREND'],1,180,2018-10-09,10.49,0,0,0,0,-100.0,100.0,-1.0,59.3,59.3,72.3,35.6,0.0025,1.11,0.43,0.99,3.78,THẤP,21.04,3.58,0,0,0,0,0,0,0,1,0
PDR,2018-02-01,BUY,3,UPTREND,Uptrend,['UPTREND'],1,180,2018-10-11,10.41,0,0,0,0,-100.0,100.0,-1.0,59.3,59.3,64.0,36.1,0.0022,1.26,2.65,0.99,3.86,THẤP,21.53,1.77,0,0,0,0,0,0,0,1,0
PDR,2018-02-02,BUY,3,UPTREND,Uptrend,['UPTREND'],1,180,2018-10-12,10.41,0,0,0,0,-100.0,100.0,-1.0,59.3,59.3,64.0,35.3,-0.0061,0.7,1.56,0.99,3.75,THẤP,20.87,1.49,0,0,0,0,0,0,0,1,0
PDR,2018-02-13,BUY,3,STOCH_RSI,Giá Tăng + Stochastic RSI,['STOCH_RSI'],1,180,2018-10-23,9.95,0,0,0,0,-100.0,100.0,-1.0,53.2,53.2,51.5,25.3,-0.0796,0.76,-1.92,0.99,7.66,TRUNG BÌNH,42.7,-1.38,0,0,0,0,0,0,0,0,1
PDR,2018-02-21,BUY,3,STOCH_RSI,Giá Tăng + Stochastic RSI,['STOCH_RSI'],1,180,2018-10-31,9.92,0,0,0,0,-100.0,100.0,-1.0,53.2,53.2,50.8,23.9,-0.0558,0.64,6.06,0.99,7.43,TRUNG BÌNH,41.42,-1.46,0,0,0,0,0,0,0,0,1
PDR,2018-02-23,BUY,3,STOCH_RSI,Giá Tăng + Stochastic RSI,['STOCH_RSI'],1,180,2018-11-02,9.85,0,0,0,0,-100.0,100.0,-1.0,53.2,53.2,49.3,21.3,-0.0335,0.72,4.87,0.99,7.03,TRUNG BÌNH,39.19,-1.84,0,0,0,0,0,0,0,0,1
PDR,2018-03-30,BUY,3,SAR_MACD,SAR × MACD Histogram,['SAR_MACD'],1,20,2018-04-27,10.97,0,0,0,0,-100.0,100.0,-1.0,70.6,70.6,64.1,16.2,0.0059,0.86,1.67,0.99,5.04,TRUNG BÌNH,28.05,2.89,0,0,0,0,1,0,0,0,0
PDR,2018-04-06,BUY,3,BOLLINGER,Mở Band Bollinger,['BOLLINGER'],1,5,2018-04-13,11.67,0,0,0,0,-100.0,100.0,-1.0,58.2,58.2,74.9,18.8,0.0476,2.29,5.85,0.954,6.5,TRUNG BÌNH,36.24,7.67,0,0,0,0,0,1,0,0,0
PDR,2018-09-28,BUY,3,BOLLINGER,Mở Band Bollinger,['BOLLINGER'],1,5,2018-10-05,8.86,0,0,0,0,-100.0,100.0,-1.0,58.2,58.2,67.8,20.6,0.0616,1.66,2.1,0.953,4.77,TRUNG BÌNH,26.59,6.08,0,0,0,0,0,1,0,0,0
PDR,2019-02-18,BUY,3,DMI_WAVE,Lướt Sóng DMI,['DMI_WAVE'],1,10,2019-03-04,8.64,0,0,0,0,-100.0,100.0,-1.0,70.0,70.0,62.8,31.2,0.0488,1.05,1.36,0.99,3.25,THẤP,18.12,2.98,0,0,0,1,0,0,0,0,0
PDR,2019-02-21,BUY,3,DMI_WAVE,Lướt Sóng DMI,['DMI_WAVE'],1,10,2019-03-07,8.56,0,0,0,0,-100.0,100.0,-1.0,70.0,70.0,57.4,33.2,0.0187,1.06,4.19,0.99,3.01,THẤP,16.78,1.51,0,0,0,1,0,0,0,0,0
PDR,2019-03-07,BUY,3,DMI_WAVE,Lướt Sóng DMI,['DMI_WAVE'],1,10,2019-03-21,8.64,0,0,0,0,-100.0,100.0,-1.0,70.0,70.0,58.8,33.7,-0.0006,0.68,5.74,0.99,2.77,THẤP,15.46,0.68,0,0,0,1,0,0,0,0,0
PDR,2019-03-12,BUY,1,DMI_WAVE,Lướt Sóng DMI,"['DMI_WAVE', 'BOLLINGER', 'VOLUME_EXPLOSION']",3,10,2019-03-26,9.09,0,0,0,0,-100.0,100.0,-1.0,80.0,70.0,72.7,34.0,0.0273,3.01,1.29,0.99,4.56,TRUNG BÌNH,25.42,5.26,0,0,0,1,0,1,1,0,0
PDR,2019-03-13,BUY,2,DMI_WAVE,Lướt Sóng DMI,"['DMI_WAVE', 'BOLLINGER']",2,10,2019-03-27,9.18,0,0,0,0,-100.0,100.0,-1.0,75.0,70.0,74.7,35.8,0.05,2.05,4.99,0.99,4.48,TRUNG BÌNH,24.94,5.71,0,0,0,1,0,1,0,0,0
PDR,2019-03-14,BUY,2,DMI_WAVE,Lướt Sóng DMI,"['DMI_WAVE', 'BOLLINGER']",2,10,2019-03-28,9.35,0,0,0,0,-100.0,100.0,-1.0,75.0,70.0,77.9,37.9,0.0718,2.19,2.93,0.99,4.53,TRUNG BÌNH,25.23,6.87,0,0,0,1,0,1,0,0,0
PDR,2019-03-27,BUY,3,UPTREND,Uptrend,['UPTREND'],1,180,2019-12-04,8.93,0,0,0,0,-100.0,100.0,-1.0,59.3,59.3,54.8,36.6,-0.0315,0.61,-2.08,0.99,4.0,TRUNG BÌNH,22.3,-0.06,0,0,0,0,0,0,0,1,0
PDR,2019-03-28,BUY,3,UPTREND,Uptrend,['UPTREND'],1,180,2019-12-05,8.96,0,0,0,0,-100.0,100.0,-1.0,59.3,59.3,56.1,36.0,-0.0309,0.74,0.63,0.99,3.89,THẤP,21.66,0.17,0,0,0,0,0,0,0,1,0
PDR,2019-03-29,BUY,2,UPTREND,Uptrend,"['UPTREND', 'STOCH_RSI']",2,180,2019-12-06,9.18,0,0,0,0,-100.0,100.0,-1.0,64.3,59.3,64.2,36.5,-0.0161,1.65,-0.85,0.99,4.14,TRUNG BÌNH,23.07,2.24,0,0,0,0,0,0,0,1,1
PDR,2019-04-02,BUY,3,UPTREND,Uptrend,['UPTREND'],1,180,2019-12-10,9.18,0,0,0,0,-100.0,100.0,-1.0,59.3,59.3,61.7,38.6,0.0014,0.95,-2.24,0.99,4.03,TRUNG BÌNH,22.47,1.46,0,0,0,0,0,0,0,1,0
PDR,2019-04-03,BUY,2,UPTREND,Uptrend,"['UPTREND', 'STOCH_RSI']",2,180,2019-12-11,9.28,0,0,0,0,-100.0,100.0,-1.0,64.3,59.3,64.8,39.2,0.0078,1.38,9.05,0.989,3.98,THẤP,22.19,2.3,0,0,0,0,0,0,0,1,1
PDR,2019-04-04,BUY,3,UPTREND,Uptrend,['UPTREND'],1,180,2019-12-12,9.18,0,0,0,0,-100.0,100.0,-1.0,59.3,59.3,59.6,39.5,0.0039,0.79,3.33,0.953,3.93,THẤP,21.92,1.03,0,0,0,0,0,0,0,1,0
PDR,2019-04-05,BUY,3,UPTREND,Uptrend,['UPTREND'],1,180,2019-12-13,9.23,0,0,0,0,-100.0,100.0,-1.0,59.3,59.3,61.3,39.9,0.0033,0.86,1.7,0.941,3.83,THẤP,21.35,1.4,0,0,0,0,0,0,0,1,0
PDR,2019-04-08,BUY,2,DMI_WAVE,Lướt Sóng DMI,"['DMI_WAVE', 'UPTREND']",2,10,2019-04-22,9.54,0,0,0,0,-100.0,100.0,-1.0,75.0,70.0,69.7,41.2,0.0213,1.95,-3.73,0.937,4.39,TRUNG BÌNH,24.48,4.22,0,0,0,1,0,0,0,1,0
PDR,2019-04-09,BUY,3,UPTREND,Uptrend,['UPTREND'],1,180,2019-12-17,9.35,0,0,0,0,-100.0,100.0,-1.0,59.3,59.3,60.9,42.4,0.0181,0.89,5.97,0.95,4.48,TRUNG BÌNH,24.97,1.76,0,0,0,0,0,0,0,1,0
PDR,2019-04-10,BUY,3,UPTREND,Uptrend,['UPTREND'],1,180,2019-12-18,9.25,0,0,0,0,-100.0,100.0,-1.0,59.3,59.3,56.9,42.2,0.0074,0.64,2.11,0.98,4.41,TRUNG BÌNH,24.56,0.6,0,0,0,0,0,0,0,1,0
PDR,2019-04-11,BUY,3,UPTREND,Uptrend,['UPTREND'],1,180,2019-12-19,9.3,0,0,0,0,-100.0,100.0,-1.0,59.3,59.3,58.4,42.3,0.0023,0.93,1.61,0.984,4.29,TRUNG BÌNH,23.9,1.17,0,0,0,0,0,0,0,1,0
PDR,2019-04-12,BUY,3,UPTREND,Uptrend,['UPTREND'],1,180,2019-12-20,9.35,0,0,0,0,-100.0,100.0,-1.0,59.3,59.3,59.9,42.4,0.0008,1.15,4.07,0.99,4.18,TRUNG BÌNH,23.27,1.66,0,0,0,0,0,0,0,1,0
PDR,2019-04-16,BUY,3,UPTREND,Uptrend,['UPTREND'],1,180,2019-12-24,9.28,0,0,0,0,-100.0,100.0,-1.0,59.3,59.3,56.8,42.1,-0.006,0.69,-5.3,0.99,4.08,TRUNG BÌNH,22.75,0.92,0,0,0,0,0,0,0,1,0
PDR,2019-04-17,BUY,3,UPTREND,Uptrend,['UPTREND'],1,180,2019-12-25,9.28,0,0,0,0,-100.0,100.0,-1.0,59.3,59.3,56.8,42.1,-0.0112,0.88,1.92,0.99,3.96,THẤP,22.05,0.89,0,0,0,0,0,0,0,1,0
PDR,2019-04-24,BUY,3,UPTREND,Uptrend,['UPTREND'],1,180,2020-01-01,9.23,0,0,0,0,-100.0,100.0,-1.0,59.3,59.3,54.6,32.7,-0.0418,1.16,1.54,0.99,4.1,TRUNG BÌNH,22.85,0.15,0,0,0,0,0,0,0,1,0
PDR,2019-04-25,BUY,3,UPTREND,Uptrend,['UPTREND'],1,180,2020-01-02,9.23,0,0,0,0,-100.0,100.0,-1.0,59.3,59.3,54.6,31.5,-0.0319,0.86,0.5,0.99,3.98,THẤP,22.16,0.07,0,0,0,0,0,0,0,1,0
PDR,2019-04-26,BUY,3,UPTREND,Uptrend,['UPTREND'],1,180,2020-01-03,9.31,0,0,0,0,-100.0,100.0,-1.0,59.3,59.3,57.5,30.8,-0.0196,1.39,1.66,0.99,3.9,THẤP,21.74,0.82,0,0,0,0,0,0,0,1,0
PDR,2019-05-02,BUY,3,UPTREND,Uptrend,['UPTREND'],1,180,2020-01-09,9.33,0,0,0,0,-100.0,100.0,-1.0,59.3,59.3,58.2,30.3,-0.0103,0.82,5.23,0.99,3.79,THẤP,21.1,0.9,0,0,0,0,0,0,0,1,0
PDR,2019-05-03,BUY,3,UPTREND,Uptrend,['UPTREND'],1,180,2020-01-10,9.29,0,0,0,0,-100.0,100.0,-1.0,59.3,59.3,56.2,30.0,-0.0071,1.03,3.95,0.99,3.68,THẤP,20.52,0.47,0,0,0,0,0,0,0,1,0
PDR,2019-05-15,BUY,3,SAR_MACD,SAR × MACD Histogram,['SAR_MACD'],1,20,2019-06-12,9.55,0,0,0,0,-100.0,100.0,-1.0,70.6,70.6,66.0,20.8,0.0119,1.83,1.71,0.955,4.17,TRUNG BÌNH,23.26,3.8,0,0,0,0,1,0,0,0,0
PDR,2019-05-16,BUY,3,BOLLINGER,Mở Band Bollinger,['BOLLINGER'],1,5,2019-05-23,9.94,0,0,0,0,-100.0,100.0,-1.0,58.2,58.2,74.5,22.9,0.0527,2.61,6.32,0.975,4.95,TRUNG BÌNH,27.58,7.2,0,0,0,0,0,1,0,0,0
PDR,2019-05-20,BUY,3,UPTREND,Uptrend,['UPTREND'],1,180,2020-01-27,9.66,0,0,0,0,-100.0,100.0,-1.0,59.3,59.3,62.1,25.9,0.0609,0.88,-0.51,0.986,4.85,TRUNG BÌNH,27.05,3.69,0,0,0,0,0,0,0,1,0
PDR,2019-05-21,BUY,3,UPTREND,Uptrend,['UPTREND'],1,180,2020-01-28,9.62,0,0,0,0,-100.0,100.0,-1.0,59.3,59.3,60.5,26.8,0.0519,0.93,1.49,0.99,4.72,TRUNG BÌNH,26.27,3.02,0,0,0,0,0,0,0,1,0
PDR,2019-05-22,BUY,3,UPTREND,Uptrend,['UPTREND'],1,180,2020-01-29,9.66,0,0,0,0,-100.0,100.0,-1.0,59.3,59.3,61.6,27.5,0.0453,0.93,-1.69,0.99,4.58,TRUNG BÌNH,25.53,3.25,0,0,0,0,0,0,0,1,0
PDR,2019-05-23,BUY,2,DMI_WAVE,Lướt Sóng DMI,"['DMI_WAVE', 'UPTREND']",2,10,2019-06-06,9.84,0,0,0,0,-100.0,100.0,-1.0,75.0,70.0,66.0,28.9,0.0494,1.43,-0.03,0.99,4.63,TRUNG BÌNH,25.79,4.68,0,0,0,1,0,0,0,1,0
PDR,2019-05-24,BUY,3,UPTREND,Uptrend,['UPTREND'],1,180,2020-01-31,9.78,0,0,0,0,-100.0,100.0,-1.0,59.3,59.3,63.4,30.2,0.0444,0.84,2.17,0.99,4.51,TRUNG BÌNH,25.11,3.57,0,0,0,0,0,0,0,1,0
PDR,2019-05-27,BUY,3,UPTREND,Uptrend,['UPTREND'],1,180,2020-02-03,9.78,0,0,0,0,-100.0,100.0,-1.0,59.3,59.3,63.4,31.3,0.0379,0.72,-5.95,0.99,4.37,TRUNG BÌNH,24.35,3.25,0,0,0,0,0,0,0,1,0
PDR,2019-05-28,BUY,3,UPTREND,Uptrend,['UPTREND'],1,180,2020-02-04,9.78,0,0,0,0,-100.0,100.0,-1.0,59.3,59.3,63.4,32.1,0.0306,0.64,-5.1,0.99,4.24,TRUNG BÌNH,23.61,3.01,0,0,0,0,0,0,0,1,0
PDR,2019-05-29,BUY,3,UPTREND,Uptrend,['UPTREND'],1,180,2020-02-05,9.7,0,0,0,0,-100.0,100.0,-1.0,59.3,59.3,59.4,32.7,0.018,0.98,4.89,0.99,4.15,TRUNG BÌNH,23.11,1.84,0,0,0,0,0,0,0,1,0
PDR,2019-05-30,BUY,3,UPTREND,Uptrend,['UPTREND'],1,180,2020-02-06,9.76,0,0,0,0,-100.0,100.0,-1.0,59.3,59.3,61.4,33.4,0.0116,0.89,-2.29,0.99,4.04,TRUNG BÌNH,22.53,2.26,0,0,0,0,0,0,0,1,0
PDR,2019-05-31,BUY,3,UPTREND,Uptrend,['UPTREND'],1,180,2020-02-07,9.58,0,0,0,0,-100.0,100.0,-1.0,59.3,59.3,53.1,33.0,-0.0058,0.78,-5.35,0.99,4.13,TRUNG BÌNH,22.99,0.2,0,0,0,0,0,0,0,1,0
PDR,2019-06-05,BUY,3,UPTREND,Uptrend,['UPTREND'],1,180,2020-02-12,9.66,0,0,0,0,-100.0,100.0,-1.0,59.3,59.3,56.1,30.3,-0.0292,1.16,-1.13,0.943,3.95,THẤP,22.0,0.56,0,0,0,0,0,0,0,1,0
PDR,2019-06-06,BUY,3,UPTREND,Uptrend,['UPTREND'],1,180,2020-02-13,9.66,0,0,0,0,-100.0,100.0,-1.0,59.3,59.3,56.1,29.9,-0.0266,0.54,-3.23,0.964,3.83,THẤP,21.33,0.4,0,0,0,0,0,0,0,1,0
PDR,2019-06-07,BUY,3,UPTREND,Uptrend,['UPTREND'],1,180,2020-02-14,9.82,0,0,0,0,-100.0,100.0,-1.0,59.3,59.3,61.7,30.3,-0.0145,1.45,6.37,0.99,3.89,THẤP,21.66,1.74,0,0,0,0,0,0,0,1,0
PDR,2019-06-10,BUY,1,SAR_MACD,SAR × MACD Histogram,"['DMI_WAVE', 'SAR_MACD', 'UPTREND']",3,20,2019-07-08,10.02,0,0,0,0,-100.0,100.0,-1.0,80.6,70.6,67.2,31.6,0.0056,1.62,4.01,0.99,4.03,TRUNG BÌNH,22.44,3.3,0,0,0,1,1,0,0,1,0
PDR,2019-06-11,BUY,3,UPTREND,Uptrend,['UPTREND'],1,180,2020-02-18,9.98,0,0,0,0,-100.0,100.0,-1.0,59.3,59.3,65.2,32.8,0.0142,0.7,4.64,0.99,3.91,THẤP,21.81,2.58,0,0,0,0,0,0,0,1,0
PDR,2019-06-12,BUY,3,UPTREND,Uptrend,['UPTREND'],1,180,2020-02-19,9.82,0,0,0,0,-100.0,100.0,-1.0,59.3,59.3,57.7,33.1,0.0076,0.68,-2.52,0.981,3.96,THẤP,22.05,0.63,0,0,0,0,0,0,0,1,0
PDR,2019-06-13,BUY,3,UPTREND,Uptrend,['UPTREND'],1,180,2020-02-20,9.78,0,0,0,0,-100.0,100.0,-1.0,59.3,59.3,55.9,32.1,-0.0007,0.93,4.85,0.98,3.85,THẤP,21.43,0.31,0,0,0,0,0,0,0,1,0
PDR,2019-06-14,BUY,3,UPTREND,Uptrend,['UPTREND'],1,180,2020-02-21,9.78,0,0,0,0,-100.0,100.0,-1.0,59.3,59.3,55.9,31.6,-0.0069,0.93,-3.36,0.983,3.73,THẤP,20.78,0.31,0,0,0,0,0,0,0,1,0
PDR,2019-06-17,BUY,3,UPTREND,Uptrend,['UPTREND'],1,180,2020-02-24,9.78,0,0,0,0,-100.0,100.0,-1.0,59.3,59.3,55.9,30.6,-0.0116,0.64,-0.01,0.99,3.62,THẤP,20.15,0.28,0,0,0,0,0,0,0,1,0
PDR,2019-06-18,BUY,3,UPTREND,Uptrend,['UPTREND'],1,180,2020-02-25,9.86,0,0,0,0,-100.0,100.0,-1.0,59.3,59.3,59.0,30.0,-0.0099,1.2,3.3,0.99,3.55,THẤP,19.79,1.01,0,0,0,0,0,0,0,1,0
PDR,2019-06-19,BUY,3,UPTREND,Uptrend,['UPTREND'],1,180,2020-02-26,9.98,0,0,0,0,-100.0,100.0,-1.0,59.3,59.3,63.2,29.9,-0.0017,0.84,4.57,0.99,3.55,THẤP,19.76,2.09,0,0,0,0,0,0,0,1,0
PDR,2019-06-20,BUY,1,DMI_WAVE,Lướt Sóng DMI,"['DMI_WAVE', 'BOLLINGER', 'UPTREND']",3,10,2019-07-04,10.34,0,0,0,0,-100.0,100.0,-1.0,80.0,70.0,72.3,31.0,0.0254,2.5,4.57,0.984,4.26,TRUNG BÌNH,23.75,5.19,0,0,0,1,0,1,0,1,0
PDR,2019-06-21,BUY,3,UPTREND,Uptrend,['UPTREND'],1,180,2020-02-28,10.12,0,0,0,0,-100.0,100.0,-1.0,59.3,59.3,62.2,32.0,0.0259,0.69,-2.55,0.985,4.39,TRUNG BÌNH,24.46,2.79,0,0,0,0,0,0,0,1,0
PDR,2019-06-24,BUY,3,UPTREND,Uptrend,['UPTREND'],1,180,2020-03-02,10.24,0,0,0,0,-100.0,100.0,-1.0,59.3,59.3,65.0,33.0,0.0314,1.17,0.9,0.971,4.34,TRUNG BÌNH,24.16,3.74,0,0,0,0,0,0,0,1,0
PDR,2019-06-25,BUY,3,UPTREND,Uptrend,['UPTREND'],1,180,2020-03-03,10.2,0,0,0,0,-100.0,100.0,-1.0,59.3,59.3,63.3,33.9,0.0293,0.77,-4.31,0.981,4.21,TRUNG BÌNH,23.48,3.16,0,0,0,0,0,0,0,1,0
PDR,2019-06-26,BUY,3,UPTREND,Uptrend,['UPTREND'],1,180,2020-03-04,10.12,0,0,0,0,-100.0,100.0,-1.0,59.3,59.3,59.9,34.6,0.0201,0.7,-4.19,0.98,4.12,TRUNG BÌNH,22.96,2.18,0,0,0,0,0,0,0,1,0
PDR,2019-06-27,BUY,3,UPTREND,Uptrend,['UPTREND'],1,180,2020-03-05,10.2,0,0,0,0,-100.0,100.0,-1.0,59.3,59.3,62.1,35.2,0.017,0.91,-1.12,0.984,4.03,TRUNG BÌNH,22.48,2.78,0,0,0,0,0,0,0,1,0
PDR,2019-06-28,BUY,2,DMI_WAVE,Lướt Sóng DMI,"['DMI_WAVE', 'UPTREND']",2,10,2019-07-12,10.34,0,0,0,0,-100.0,100.0,-1.0,75.0,70.0,65.7,36.2,0.0217,1.23,-3.29,0.986,4.03,TRUNG BÌNH,22.44,3.86,0,0,0,1,0,0,0,1,0
PDR,2019-07-01,BUY,2,DMI_WAVE,Lướt Sóng DMI,"['DMI_WAVE', 'UPTREND']",2,10,2019-07-15,10.36,0,0,0,0,-100.0,100.0,-1.0,75.0,70.0,66.2,37.3,0.0234,0.64,-0.9,0.99,3.91,THẤP,21.77,3.76,0,0,0,1,0,0,0,1,0
PDR,2019-07-03,BUY,3,UPTREND,Uptrend,['UPTREND'],1,180,2020-03-11,10.36,0,0,0,0,-100.0,100.0,-1.0,59.3,59.3,65.7,38.8,0.0172,0.65,-3.47,0.99,3.68,THẤP,20.49,3.11,0,0,0,0,0,0,0,1,0
PDR,2019-07-05,BUY,2,DMI_WAVE,Lướt Sóng DMI,"['DMI_WAVE', 'UPTREND']",2,10,2019-07-19,10.52,0,0,0,0,-100.0,100.0,-1.0,75.0,70.0,70.1,41.0,0.0178,2.16,1.12,0.984,3.62,THẤP,20.17,3.78,0,0,0,1,0,0,0,1,0
PDR,2019-07-08,BUY,3,UPTREND,Uptrend,['UPTREND'],1,180,2020-03-16,10.42,0,0,0,0,-100.0,100.0,-1.0,59.3,59.3,64.5,42.2,0.012,0.73,4.31,0.935,3.57,THẤP,19.9,2.52,0,0,0,0,0,0,0,1,0
PDR,2019-07-09,BUY,3,UPTREND,Uptrend,['UPTREND'],1,180,2020-03-17,10.46,0,0,0,0,-100.0,100.0,-1.0,59.3,59.3,65.7,43.1,0.0087,0.79,1.0,0.931,3.47,THẤP,19.35,2.73,0,0,0,0,0,0,0,1,0
PDR,2019-07-10,BUY,2,DMI_WAVE,Lướt Sóng DMI,"['DMI_WAVE', 'UPTREND']",2,10,2019-07-24,10.54,0,0,0,0,-100.0,100.0,-1.0,75.0,70.0,68.0,44.2,0.0095,0.93,1.85,0.934,3.41,THẤP,19.0,3.25,0,0,0,1,0,0,0,1,0
PDR,2019-07-11,BUY,2,DMI_WAVE,Lướt Sóng DMI,"['DMI_WAVE', 'UPTREND']",2,10,2019-07-25,10.61,0,0,0,0,-100.0,100.0,-1.0,75.0,70.0,69.9,45.7,0.0123,1.46,0.55,0.935,3.34,THẤP,18.6,3.44,0,0,0,1,0,0,0,1,0
PDR,2019-07-12,BUY,3,UPTREND,Uptrend,['UPTREND'],1,180,2020-03-20,10.44,0,0,0,0,-100.0,100.0,-1.0,59.3,59.3,60.5,46.3,0.0007,0.79,-0.58,0.949,3.42,THẤP,19.08,1.49,0,0,0,0,0,0,0,1,0
PDR,2019-07-15,BUY,3,UPTREND,Uptrend,['UPTREND'],1,180,2020-03-23,10.42,0,0,0,0,-100.0,100.0,-1.0,59.3,59.3,59.5,45.3,-0.0095,1.25,5.44,0.958,3.32,THẤP,18.51,1.07,0,0,0,0,0,0,0,1,0
PDR,2019-07-19,BUY,3,UPTREND,Uptrend,['UPTREND'],1,180,2020-03-27,10.4,0,0,0,0,-100.0,100.0,-1.0,59.3,59.3,57.3,40.8,-0.037,1.19,-0.8,0.99,3.12,THẤP,17.4,0.21,0,0,0,0,0,0,0,1,0
PDR,2019-07-23,BUY,3,UPTREND,Uptrend,['UPTREND'],1,180,2020-03-31,10.42,0,0,0,0,-100.0,100.0,-1.0,59.3,59.3,57.2,38.7,-0.0355,1.08,1.42,0.99,3.11,THẤP,17.35,0.26,0,0,0,0,0,0,0,1,0
PDR,2019-07-24,BUY,3,UPTREND,Uptrend,['UPTREND'],1,180,2020-04-01,10.42,0,0,0,0,-100.0,100.0,-1.0,59.3,59.3,57.2,38.3,-0.0313,0.57,0.96,0.99,3.02,THẤP,16.82,0.17,0,0,0,0,0,0,0,1,0
PDR,2019-07-25,BUY,2,VOLUME_EXPLOSION,Bùng Nổ Khối Lượng,"['VOLUME_EXPLOSION', 'UPTREND']",2,180,2020-04-02,10.48,0,0,0,0,-100.0,100.0,-1.0,66.4,61.4,59.5,38.0,-0.0243,3.02,5.3,0.99,2.95,THẤP,16.46,0.56,0,0,0,0,0,0,1,1,0
PDR,2019-07-26,BUY,3,UPTREND,Uptrend,['UPTREND'],1,180,2020-04-03,10.48,0,0,0,0,-100.0,100.0,-1.0,59.3,59.3,59.5,37.8,-0.0198,0.54,0.81,0.99,2.86,THẤP,15.96,0.45,0,0,0,0,0,0,0,1,0
PDR,2019-07-29,BUY,3,UPTREND,Uptrend,['UPTREND'],1,180,2020-04-06,10.54,0,0,0,0,-100.0,100.0,-1.0,59.3,59.3,61.9,37.8,-0.0132,1.33,-2.3,0.99,2.81,THẤP,15.64,0.95,0,0,0,0,0,0,0,1,0
PDR,2019-07-31,BUY,3,UPTREND,Uptrend,['UPTREND'],1,180,2020-04-08,10.54,0,0,0,0,-100.0,100.0,-1.0,59.3,59.3,61.1,37.8,-0.0091,0.67,0.32,0.99,2.66,THẤP,14.84,0.81,0,0,0,0,0,0,0,1,0
PDR,2019-08-01,BUY,1,DMI_WAVE,Lướt Sóng DMI,"['DMI_WAVE', 'BOLLINGER', 'UPTREND']",3,10,2019-08-15,10.81,0,0,0,0,-100.0,100.0,-1.0,80.0,70.0,70.2,38.9,0.0095,2.52,0.68,0.99,3.14,THẤP,17.5,3.03,0,0,0,1,0,1,0,1,0
PDR,2019-08-02,BUY,3,UPTREND,Uptrend,['UPTREND'],1,180,2020-04-10,10.77,0,0,0,0,-100.0,100.0,-1.0,59.3,59.3,67.7,39.8,0.017,0.83,8.01,0.99,3.06,THẤP,17.03,2.53,0,0,0,0,0,0,0,1,0
PDR,2019-08-05,BUY,3,UPTREND,Uptrend,['UPTREND'],1,180,2020-04-13,10.59,0,0,0,0,-100.0,100.0,-1.0,59.3,59.3,57.6,39.4,0.0083,0.91,5.87,0.974,3.18,THẤP,17.74,0.73,0,0,0,0,0,0,0,1,0
PDR,2019-08-06,BUY,3,UPTREND,Uptrend,['UPTREND'],1,180,2020-04-14,10.5,0,0,0,0,-100.0,100.0,-1.0,59.3,59.3,53.3,37.2,-0.0044,0.81,2.07,0.977,3.14,THẤP,17.52,-0.13,0,0,0,0,0,0,0,1,0
PDR,2019-08-07,BUY,3,UPTREND,Uptrend,['UPTREND'],1,180,2020-04-15,10.5,0,0,0,0,-100.0,100.0,-1.0,59.3,59.3,53.3,35.4,-0.0132,0.58,-4.25,0.99,3.05,THẤP,16.98,-0.13,0,0,0,0,0,0,0,1,0
PDR,2019-08-08,BUY,3,UPTREND,Uptrend,['UPTREND'],1,180,2020-04-16,10.61,0,0,0,0,-100.0,100.0,-1.0,59.3,59.3,57.8,34.0,-0.0121,1.06,0.8,0.986,3.04,THẤP,16.96,0.94,0,0,0,0,0,0,0,1,0
PDR,2019-08-09,BUY,3,UPTREND,Uptrend,['UPTREND'],1,180,2020-04-17,10.61,0,0,0,0,-100.0,100.0,-1.0,59.3,59.3,57.8,33.0,-0.0118,0.9,0.52,0.985,2.95,THẤP,16.44,0.89,0,0,0,0,0,0,0,1,0
PDR,2019-08-12,BUY,3,UPTREND,Uptrend,['UPTREND'],1,180,2020-04-20,10.61,0,0,0,0,-100.0,100.0,-1.0,59.3,59.3,57.8,32.2,-0.0119,0.76,-3.94,0.986,2.86,THẤP,15.94,0.79,0,0,0,0,0,0,0,1,0
PDR,2019-08-13,BUY,3,UPTREND,Uptrend,['UPTREND'],1,180,2020-04-21,10.52,0,0,0,0,-100.0,100.0,-1.0,59.3,59.3,52.7,30.3,-0.0181,0.64,0.56,0.99,2.84,THẤP,15.81,-0.12,0,0,0,0,0,0,0,1,0
PDR,2019-12-11,BUY,3,UPTREND,Uptrend,['UPTREND'],1,180,2020-08-19,11.05,0,0,0,0,-100.0,100.0,-1.0,59.3,59.3,73.0,32.4,0.0891,0.84,0.56,0.885,3.0,THẤP,16.7,4.44,0,0,0,0,0,0,0,1,0
PDR,2019-12-12,BUY,3,UPTREND,Uptrend,['UPTREND'],1,180,2020-08-20,11.01,0,0,0,0,-100.0,100.0,-1.0,59.3,59.3,70.2,33.4,0.0755,0.92,-0.4,0.955,2.92,THẤP,16.25,3.81,0,0,0,0,0,0,0,1,0
PDR,2019-12-13,BUY,3,UPTREND,Uptrend,['UPTREND'],1,180,2020-08-21,10.95,0,0,0,0,-100.0,100.0,-1.0,59.3,59.3,66.2,34.1,0.0582,0.82,2.02,0.955,2.85,THẤP,15.9,2.96,0,0,0,0,0,0,0,1,0
PDR,2019-12-16,BUY,3,UPTREND,Uptrend,['UPTREND'],1,180,2020-08-24,10.93,0,0,0,0,-100.0,100.0,-1.0,59.3,59.3,64.9,32.4,0.0419,0.78,0.03,0.954,2.77,THẤP,15.43,2.61,0,0,0,0,0,0,0,1,0
PDR,2019-12-17,BUY,3,UPTREND,Uptrend,['UPTREND'],1,180,2020-08-25,10.95,0,0,0,0,-100.0,100.0,-1.0,59.3,59.3,65.6,32.0,0.0294,0.81,-5.59,0.956,2.69,THẤP,14.98,2.58,0,0,0,0,0,0,0,1,0
PDR,2019-12-18,BUY,3,UPTREND,Uptrend,['UPTREND'],1,180,2020-08-26,10.77,0,0,0,0,-100.0,100.0,-1.0,59.3,59.3,54.4,29.9,0.0072,0.85,-0.53,0.959,2.85,THẤP,15.87,0.77,0,0,0,0,0,0,0,1,0
PDR,2020-01-21,BUY,3,SAR_MACD,SAR × MACD Histogram,['SAR_MACD'],1,20,2020-02-18,10.77,0,0,0,0,-100.0,100.0,-1.0,70.6,70.6,53.7,19.9,0.0135,1.06,2.97,0.99,6.75,TRUNG BÌNH,37.61,2.3,0,0,0,0,1,0,0,0,0
PDR,2020-05-12,BUY,3,UPTREND,Uptrend,['UPTREND'],1,180,2021-01-19,11.08,0,0,0,0,-100.0,100.0,-1.0,59.3,59.3,66.0,34.3,0.0561,1.72,1.63,0.99,4.81,TRUNG BÌNH,26.79,4.08,0,0,0,0,0,0,0,1,0
PDR,2020-05-13,BUY,3,UPTREND,Uptrend,['UPTREND'],1,180,2021-01-20,11.35,0,0,0,0,-100.0,100.0,-1.0,59.3,59.3,71.6,35.0,0.0713,1.39,5.28,0.99,4.96,TRUNG BÌNH,27.65,6.15,0,0,0,0,0,0,0,1,0
PDR,2020-05-14,BUY,2,DMI_WAVE,Lướt Sóng DMI,"['DMI_WAVE', 'UPTREND']",2,10,2020-05-28,11.59,0,0,0,0,-100.0,100.0,-1.0,75.0,70.0,75.5,36.1,0.0914,0.82,2.89,0.99,5.03,TRUNG BÌNH,28.04,7.96,0,0,0,1,0,0,0,1,0
PDR,2020-05-15,BUY,2,DMI_WAVE,Lướt Sóng DMI,"['DMI_WAVE', 'UPTREND']",2,10,2020-05-29,11.59,0,0,0,0,-100.0,100.0,-1.0,75.0,70.0,75.5,37.3,0.098,0.88,5.17,0.99,4.88,TRUNG BÌNH,27.19,7.48,0,0,0,1,0,0,0,1,0
PDR,2020-05-18,BUY,3,UPTREND,Uptrend,['UPTREND'],1,180,2021-01-25,11.57,0,0,0,0,-100.0,100.0,-1.0,59.3,59.3,74.5,38.2,0.0943,0.7,4.31,0.99,4.73,TRUNG BÌNH,26.37,6.88,0,0,0,0,0,0,0,1,0
PDR,2020-05-20,BUY,3,UPTREND,Uptrend,['UPTREND'],1,180,2021-01-27,11.64,0,0,0,0,-100.0,100.0,-1.0,59.3,59.3,75.8,39.1,0.078,0.9,3.7,0.99,4.47,TRUNG BÌNH,24.9,6.53,0,0,0,0,0,0,0,1,0
PDR,2020-05-21,BUY,3,UPTREND,Uptrend,['UPTREND'],1,180,2021-01-28,11.68,0,0,0,0,-100.0,100.0,-1.0,59.3,59.3,76.6,39.1,0.0698,0.85,-3.65,0.99,4.34,TRUNG BÌNH,24.17,6.36,0,0,0,0,0,0,0,1,0
PDR,2020-05-22,BUY,3,UPTREND,Uptrend,['UPTREND'],1,180,2021-01-29,11.61,0,0,0,0,-100.0,100.0,-1.0,59.3,59.3,72.4,38.9,0.0544,1.18,-0.19,0.99,4.23,TRUNG BÌNH,23.55,5.07,0,0,0,0,0,0,0,1,0
PDR,2020-05-25,BUY,3,UPTREND,Uptrend,['UPTREND'],1,180,2021-02-01,11.47,0,0,0,0,-100.0,100.0,-1.0,59.3,59.3,64.9,38.4,0.0306,0.96,-1.16,0.99,4.18,TRUNG BÌNH,23.31,3.38,0,0,0,0,0,0,0,1,0
PDR,2020-05-26,BUY,3,UPTREND,Uptrend,['UPTREND'],1,180,2021-02-02,11.61,0,0,0,0,-100.0,100.0,-1.0,59.3,59.3,68.4,37.9,0.0207,0.87,0.66,0.99,4.15,TRUNG BÌNH,23.1,4.18,0,0,0,0,0,0,0,1,0
PDR,2020-05-27,BUY,3,UPTREND,Uptrend,['UPTREND'],1,180,2021-02-03,11.63,0,0,0,0,-100.0,100.0,-1.0,59.3,59.3,68.9,37.6,0.0123,1.72,-2.2,0.99,4.02,TRUNG BÌNH,22.4,3.73,0,0,0,0,0,0,0,1,0
PDR,2020-05-28,BUY,2,DMI_WAVE,Lướt Sóng DMI,"['DMI_WAVE', 'UPTREND']",2,10,2020-06-11,12.14,0,0,0,0,-100.0,100.0,-1.0,75.0,70.0,78.1,38.8,0.0365,2.05,-1.59,0.99,4.96,TRUNG BÌNH,27.61,7.26,0,0,0,1,0,0,0,1,0
PDR,2020-05-29,BUY,2,DMI_WAVE,Lướt Sóng DMI,"['DMI_WAVE', 'UPTREND']",2,10,2020-06-12,12.84,0,0,0,0,-100.0,100.0,-1.0,75.0,70.0,84.7,40.9,0.0919,1.88,7.03,0.99,6.27,TRUNG BÌNH,34.92,11.84,0,0,0,1,0,0,0,1,0
PDR,2020-06-01,BUY,3,UPTREND,Uptrend,['UPTREND'],1,180,2021-02-08,12.7,0,0,0,0,-100.0,100.0,-1.0,59.3,59.3,79.5,43.0,0.1101,1.29,6.08,0.99,6.12,TRUNG BÌNH,34.12,9.58,0,0,0,0,0,0,0,1,0
PDR,2020-06-02,BUY,3,UPTREND,Uptrend,['UPTREND'],1,180,2021-02-09,12.14,0,0,0,0,-100.0,100.0,-1.0,59.3,59.3,62.9,41.2,0.0771,1.23,1.87,0.99,6.69,TRUNG BÌNH,37.26,4.16,0,0,0,0,0,0,0,1,0
PDR,2020-06-03,BUY,3,UPTREND,Uptrend,['UPTREND'],1,180,2021-02-10,12.14,0,0,0,0,-100.0,100.0,-1.0,59.3,59.3,62.9,39.6,0.0492,0.52,3.79,0.99,6.48,TRUNG BÌNH,36.13,3.78,0,0,0,0,0,0,0,1,0
PDR,2020-06-04,BUY,3,UPTREND,Uptrend,['UPTREND'],1,180,2021-02-11,12.05,0,0,0,0,-100.0,100.0,-1.0,59.3,59.3,60.5,38.2,0.0201,0.7,1.7,0.99,6.31,TRUNG BÌNH,35.14,2.59,0,0,0,0,0,0,0,1,0
PDR,2020-06-05,BUY,3,UPTREND,Uptrend,['UPTREND'],1,180,2021-02-12,12.28,0,0,0,0,-100.0,100.0,-1.0,59.3,59.3,64.2,36.5,0.0122,1.05,2.24,0.99,6.26,TRUNG BÌNH,34.87,4.06,0,0,0,0,0,0,0,1,0
PDR,2020-06-08,BUY,3,UPTREND,Uptrend,['UPTREND'],1,180,2021-02-15,12.31,0,0,0,0,-100.0,100.0,-1.0,59.3,59.3,64.7,34.9,0.0052,1.02,-3.1,0.99,6.07,TRUNG BÌNH,33.82,3.8,0,0,0,0,0,0,0,1,0
PDR,2020-06-09,BUY,3,UPTREND,Uptrend,['UPTREND'],1,180,2021-02-16,12.14,0,0,0,0,-100.0,100.0,-1.0,59.3,59.3,60.0,33.4,-0.0137,0.71,2.13,0.99,5.96,TRUNG BÌNH,33.23,1.79,0,0,0,0,0,0,0,1,0
PDR,2020-06-10,BUY,3,UPTREND,Uptrend,['UPTREND'],1,180,2021-02-17,12.14,0,0,0,0,-100.0,100.0,-1.0,59.3,59.3,60.0,31.2,-0.0281,0.6,7.18,0.99,5.78,TRUNG BÌNH,32.22,1.41,0,0,0,0,0,0,0,1,0
PDR,2020-06-26,BUY,3,STOCH_RSI,Giá Tăng + Stochastic RSI,['STOCH_RSI'],1,180,2021-03-05,11.35,0,0,0,0,-100.0,100.0,-1.0,53.2,53.2,47.4,24.1,-0.0767,1.11,3.93,0.99,7.6,TRUNG BÌNH,42.36,-3.83,0,0,0,0,0,0,0,0,1
PDR,2020-08-24,BUY,3,UPTREND,Uptrend,['UPTREND'],1,180,2021-05-03,12.61,0,0,0,0,-100.0,100.0,-1.0,59.3,59.3,67.0,26.4,0.106,1.07,-0.36,0.99,5.11,TRUNG BÌNH,28.47,5.63,0,0,0,0,0,0,0,1,0
PDR,2020-08-25,BUY,3,UPTREND,Uptrend,['UPTREND'],1,180,2021-05-04,12.7,0,0,0,0,-100.0,100.0,-1.0,59.3,59.3,68.4,28.4,0.0972,0.67,-1.26,0.99,4.98,TRUNG BÌNH,27.74,5.91,0,0,0,0,0,0,0,1,0
PDR,2020-08-26,BUY,2,DMI_WAVE,Lướt Sóng DMI,"['DMI_WAVE', 'UPTREND']",2,10,2020-09-09,13.05,0,0,0,0,-100.0,100.0,-1.0,75.0,70.0,73.1,30.8,0.1069,1.6,6.15,0.99,5.2,TRUNG BÌNH,28.95,8.04,0,0,0,1,0,0,0,1,0
PDR,2020-08-27,BUY,2,DMI_WAVE,Lướt Sóng DMI,"['DMI_WAVE', 'UPTREND']",2,10,2020-09-10,13.78,0,0,0,0,-100.0,100.0,-1.0,75.0,70.0,79.9,33.7,0.1518,1.69,2.2,0.99,6.37,TRUNG BÌNH,35.51,12.77,0,0,0,1,0,0,0,1,0
PDR,2020-08-31,BUY,3,UPTREND,Uptrend,['UPTREND'],1,180,2021-05-10,13.22,0,0,0,0,-100.0,100.0,-1.0,59.3,59.3,65.4,37.3,0.1295,0.99,0.65,0.99,6.47,TRUNG BÌNH,36.03,6.61,0,0,0,0,0,0,0,1,0
PDR,2020-09-01,BUY,3,UPTREND,Uptrend,['UPTREND'],1,180,2021-05-11,13.62,0,0,0,0,-100.0,100.0,-1.0,59.3,59.3,69.7,38.0,0.1236,0.76,-0.93,0.982,6.62,TRUNG BÌNH,36.86,9.13,0,0,0,0,0,0,0,1,0
PDR,2020-09-04,BUY,2,DMI_WAVE,Lướt Sóng DMI,"['DMI_WAVE', 'UPTREND']",2,10,2020-09-18,14.25,0,0,0,0,-100.0,100.0,-1.0,75.0,70.0,75.2,40.4,0.1345,2.02,0.22,0.964,6.85,TRUNG BÌNH,38.18,11.65,0,0,0,1,0,0,0,1,0
PDR,2020-09-07,BUY,2,DMI_WAVE,Lướt Sóng DMI,"['DMI_WAVE', 'UPTREND']",2,10,2020-09-21,15.23,0,0,0,0,-100.0,100.0,-1.0,75.0,70.0,81.1,42.5,0.1986,0.42,0.98,0.97,8.2,CAO,45.66,18.45,0,0,0,1,0,0,0,1,0
PDR,2020-09-09,BUY,3,UPTREND,Uptrend,['UPTREND'],1,180,2021-05-19,15.81,0,0,0,0,-100.0,100.0,-1.0,59.3,59.3,83.6,46.8,0.2784,1.0,13.23,0.975,8.04,CAO,44.78,19.23,0,0,0,0,0,0,0,1,0
PDR,2020-09-10,BUY,2,DMI_WAVE,Lướt Sóng DMI,"['DMI_WAVE', 'UPTREND']",2,10,2020-09-24,16.39,0,0,0,0,-100.0,100.0,-1.0,75.0,70.0,85.7,48.7,0.3089,1.47,6.4,0.96,8.2,CAO,45.69,21.21,0,0,0,1,0,0,0,1,0
PDR,2020-09-11,BUY,2,DMI_WAVE,Lướt Sóng DMI,"['DMI_WAVE', 'UPTREND']",2,10,2020-09-25,17.19,0,0,0,0,-100.0,100.0,-1.0,75.0,70.0,88.1,50.9,0.3564,1.06,10.49,0.958,8.65,CAO,48.2,24.92,0,0,0,1,0,0,0,1,0
PDR,2020-09-15,BUY,3,UPTREND,Uptrend,['UPTREND'],1,180,2021-05-25,17.66,0,0,0,0,-100.0,100.0,-1.0,59.3,59.3,89.2,55.1,0.374,0.68,3.29,0.99,8.24,CAO,45.9,23.82,0,0,0,0,0,0,0,1,0
PDR,2020-09-16,BUY,3,UPTREND,Uptrend,['UPTREND'],1,180,2021-05-26,17.66,0,0,0,0,-100.0,100.0,-1.0,59.3,59.3,89.2,56.4,0.3448,1.45,7.1,0.99,7.99,TRUNG BÌNH,44.5,21.26,0,0,0,0,0,0,0,1,0
PDR,2020-09-17,BUY,3,UPTREND,Uptrend,['UPTREND'],1,180,2021-05-27,17.56,0,0,0,0,-100.0,100.0,-1.0,59.3,59.3,87.1,57.7,0.2923,1.4,0.94,0.99,7.75,TRUNG BÌNH,43.2,18.15,0,0,0,0,0,0,0,1,0
PDR,2020-09-18,BUY,3,UPTREND,Uptrend,['UPTREND'],1,180,2021-05-28,17.8,0,0,0,0,-100.0,100.0,-1.0,59.3,59.3,87.8,58.9,0.249,1.99,1.19,0.99,7.58,TRUNG BÌNH,42.22,16.72,0,0,0,0,0,0,0,1,0
PDR,2020-09-21,BUY,2,DMI_WAVE,Lướt Sóng DMI,"['DMI_WAVE', 'UPTREND']",2,10,2020-10-05,18.75,0,0,0,0,-100.0,100.0,-1.0,75.0,70.0,90.3,60.4,0.2584,1.62,5.11,0.99,8.24,CAO,45.89,19.83,0,0,0,1,0,0,0,1,0
PDR,2020-09-22,BUY,2,DMI_WAVE,Lướt Sóng DMI,"['DMI_WAVE', 'UPTREND']",2,10,2020-10-06,19.1,0,0,0,0,-100.0,100.0,-1.0,75.0,70.0,91.0,61.8,0.2614,1.19,2.72,0.99,8.09,CAO,45.08,19.79,0,0,0,1,0,0,0,1,0
PDR,2020-09-23,BUY,3,UPTREND,Uptrend,['UPTREND'],1,180,2021-06-02,18.68,0,0,0,0,-100.0,100.0,-1.0,59.3,59.3,83.1,62.8,0.2107,1.23,4.21,0.99,7.99,TRUNG BÌNH,44.54,15.43,0,0,0,0,0,0,0,1,0
PDR,2020-09-24,BUY,3,UPTREND,Uptrend,['UPTREND'],1,180,2021-06-03,18.82,0,0,0,0,-100.0,100.0,-1.0,59.3,59.3,83.6,63.8,0.1641,1.08,6.35,0.99,7.77,TRUNG BÌNH,43.28,14.13,0,0,0,0,0,0,0,1,0
PDR,2020-09-25,BUY,3,UPTREND,Uptrend,['UPTREND'],1,180,2021-06-04,17.98,0,0,0,0,-100.0,100.0,-1.0,59.3,59.3,69.9,62.6,0.0596,0.92,6.24,0.99,8.15,CAO,45.41,7.4,0,0,0,0,0,0,0,1,0
PDR,2020-09-28,BUY,3,UPTREND,Uptrend,['UPTREND'],1,180,2021-06-07,18.78,0,0,0,0,-100.0,100.0,-1.0,59.3,59.3,74.2,61.5,0.0289,1.55,-1.44,0.99,8.49,CAO,47.3,10.59,0,0,0,0,0,0,0,1,0
PDR,2020-09-29,BUY,3,UPTREND,Uptrend,['UPTREND'],1,180,2021-06-08,18.5,0,0,0,0,-100.0,100.0,-1.0,59.3,59.3,70.4,60.1,-0.023,0.74,-4.6,0.99,8.3,CAO,46.23,7.83,0,0,0,0,0,0,0,1,0
PDR,2020-09-30,BUY,3,UPTREND,Uptrend,['UPTREND'],1,180,2021-06-09,18.03,0,0,0,0,-100.0,100.0,-1.0,59.3,59.3,64.4,58.9,-0.0975,0.92,5.25,0.99,8.24,CAO,45.9,4.26,0,0,0,0,0,0,0,1,0
PDR,2020-10-01,BUY,3,UPTREND,Uptrend,['UPTREND'],1,180,2021-06-10,18.64,0,0,0,0,-100.0,100.0,-1.0,59.3,59.3,68.2,57.9,-0.1132,1.38,-4.82,0.99,8.33,CAO,46.4,6.53,0,0,0,0,0,0,0,1,0
PDR,2020-10-02,BUY,3,UPTREND,Uptrend,['UPTREND'],1,180,2021-06-11,18.22,0,0,0,0,-100.0,100.0,-1.0,59.3,59.3,63.2,57.1,-0.1566,0.98,0.36,0.99,8.23,CAO,45.83,2.4,0,0,0,0,0,0,0,1,0
PDR,2020-10-05,BUY,3,UPTREND,Uptrend,['UPTREND'],1,180,2021-06-14,18.03,0,0,0,0,-100.0,100.0,-1.0,59.3,59.3,61.1,56.1,-0.2,1.1,0.84,0.99,8.01,CAO,44.62,0.98,0,0,0,0,0,0,0,1,0
PDR,2020-10-06,BUY,3,UPTREND,Uptrend,['UPTREND'],1,180,2021-06-15,18.31,0,0,0,0,-100.0,100.0,-1.0,59.3,59.3,63.1,55.3,-0.2108,1.07,0.28,0.99,7.84,TRUNG BÌNH,43.68,2.0,0,0,0,0,0,0,0,1,0
PDR,2020-10-07,BUY,3,UPTREND,Uptrend,['UPTREND'],1,180,2021-06-16,18.12,0,0,0,0,-100.0,100.0,-1.0,59.3,59.3,60.8,54.5,-0.2301,1.16,0.24,0.99,7.64,TRUNG BÌNH,42.54,0.45,0,0,0,0,0,0,0,1,0
PDR,2020-10-09,BUY,3,UPTREND,Uptrend,['UPTREND'],1,180,2021-06-18,18.31,0,0,0,0,-100.0,100.0,-1.0,59.3,59.3,61.8,52.3,-0.2386,1.09,-5.79,0.99,7.31,TRUNG BÌNH,40.73,0.68,0,0,0,0,0,0,0,1,0
PDR,2020-10-14,BUY,3,UPTREND,Uptrend,['UPTREND'],1,180,2021-06-23,18.31,0,0,0,0,-100.0,100.0,-1.0,59.3,59.3,60.7,49.7,-0.2287,1.06,5.07,0.99,6.87,TRUNG BÌNH,38.27,0.36,0,0,0,0,0,0,0,1,0
PDR,2020-10-20,BUY,3,UPTREND,Uptrend,['UPTREND'],1,180,2021-06-29,18.31,0,0,0,0,-100.0,100.0,-1.0,59.3,59.3,58.8,44.4,-0.1856,1.22,0.75,0.99,6.6,TRUNG BÌNH,36.77,0.33,0,0,0,0,0,0,0,1,0
PDR,2020-10-27,BUY,2,UPTREND,Uptrend,"['BOLLINGER', 'UPTREND']",2,180,2021-07-06,19.17,0,0,0,0,-100.0,100.0,-1.0,64.3,59.3,65.7,35.7,-0.0872,1.81,4.07,0.99,7.5,TRUNG BÌNH,41.81,5.42,0,0,0,0,0,1,0,1,0
PDR,2020-10-28,BUY,3,UPTREND,Uptrend,['UPTREND'],1,180,2021-07-07,19.71,0,0,0,0,-100.0,100.0,-1.0,59.3,59.3,69.4,36.7,0.001,1.46,2.23,0.99,7.54,TRUNG BÌNH,41.99,7.72,0,0,0,0,0,0,0,1,0
PDR,2020-10-29,BUY,3,UPTREND,Uptrend,['UPTREND'],1,180,2021-07-08,19.71,0,0,0,0,-100.0,100.0,-1.0,59.3,59.3,69.4,37.7,0.0519,1.38,5.61,0.99,7.31,TRUNG BÌNH,40.71,7.16,0,0,0,0,0,0,0,1,0
PDR,2020-10-30,BUY,3,UPTREND,Uptrend,['UPTREND'],1,180,2021-07-09,19.15,0,0,0,0,-100.0,100.0,-1.0,59.3,59.3,61.3,36.8,0.0408,1.0,-0.93,0.99,7.36,TRUNG BÌNH,40.99,3.86,0,0,0,0,0,0,0,1,0
PDR,2020-11-02,BUY,3,UPTREND,Uptrend,['UPTREND'],1,180,2021-07-12,18.96,0,0,0,0,-100.0,100.0,-1.0,59.3,59.3,58.8,35.8,0.015,1.05,0.95,0.99,7.17,TRUNG BÌNH,39.93,2.59,0,0,0,0,0,0,0,1,0
PDR,2020-11-03,BUY,3,UPTREND,Uptrend,['UPTREND'],1,180,2021-07-13,20.27,0,0,0,0,-100.0,100.0,-1.0,59.3,59.3,68.4,36.0,0.077,1.67,10.1,0.975,8.46,CAO,47.12,8.94,0,0,0,0,0,0,0,1,0
PDR,2020-11-04,BUY,3,UPTREND,Uptrend,['UPTREND'],1,180,2021-07-14,19.66,0,0,0,0,-100.0,100.0,-1.0,59.3,59.3,61.3,36.6,0.0681,1.16,0.58,0.984,8.46,CAO,47.16,5.1,0,0,0,0,0,0,0,1,0
PDR,2020-11-05,BUY,3,UPTREND,Uptrend,['UPTREND'],1,180,2021-07-15,19.9,0,0,0,0,-100.0,100.0,-1.0,59.3,59.3,62.9,36.2,0.0693,1.49,1.73,0.99,8.25,CAO,45.97,5.81,0,0,0,0,0,0,0,1,0
PDR,2020-11-06,BUY,2,DMI_WAVE,Lướt Sóng DMI,"['DMI_WAVE', 'UPTREND']",2,10,2020-11-20,19.95,0,0,0,0,-100.0,100.0,-1.0,75.0,70.0,63.3,36.2,0.0645,1.16,5.78,0.99,8.0,CAO,44.58,5.53,0,0,0,1,0,0,0,1,0
PDR,2020-11-09,BUY,3,UPTREND,Uptrend,['UPTREND'],1,180,2021-07-19,20.37,0,0,0,0,-100.0,100.0,-1.0,59.3,59.3,66.1,36.4,0.0796,1.4,-1.69,0.99,7.9,TRUNG BÌNH,43.99,7.06,0,0,0,0,0,0,0,1,0
PDR,2020-11-10,BUY,3,UPTREND,Uptrend,['UPTREND'],1,180,2021-07-20,19.97,0,0,0,0,-100.0,100.0,-1.0,59.3,59.3,61.2,36.4,0.054,1.02,3.62,0.99,7.78,TRUNG BÌNH,43.33,4.49,0,0,0,0,0,0,0,1,0
PDR,2020-11-11,BUY,3,UPTREND,Uptrend,['UPTREND'],1,180,2021-07-21,19.42,0,0,0,0,-100.0,100.0,-1.0,59.3,59.3,55.1,35.2,-0.0056,0.91,-2.34,0.99,7.78,TRUNG BÌNH,43.35,1.32,0,0,0,0,0,0,0,1,0
PDR,2020-11-12,BUY,3,UPTREND,Uptrend,['UPTREND'],1,180,2021-07-22,19.72,0,0,0,0,-100.0,100.0,-1.0,59.3,59.3,57.6,34.0,-0.0291,0.82,1.2,0.99,7.62,TRUNG BÌNH,42.46,2.6,0,0,0,0,0,0,0,1,0
PDR,2020-11-13,BUY,3,UPTREND,Uptrend,['UPTREND'],1,180,2021-07-23,19.65,0,0,0,0,-100.0,100.0,-1.0,59.3,59.3,56.8,33.1,-0.0522,1.04,2.39,0.99,7.39,TRUNG BÌNH,41.19,1.81,0,0,0,0,0,0,0,1,0
PDR,2020-11-17,BUY,3,UPTREND,Uptrend,['UPTREND'],1,180,2021-07-27,19.42,0,0,0,0,-100.0,100.0,-1.0,59.3,59.3,53.8,29.3,-0.1212,0.86,1.75,0.99,7.52,TRUNG BÌNH,41.88,0.15,0,0,0,0,0,0,0,1,0
PDR,2020-11-19,BUY,3,UPTREND,Uptrend,['UPTREND'],1,180,2021-07-29,19.6,0,0,0,0,-100.0,100.0,-1.0,59.3,59.3,55.3,26.2,-0.1183,1.02,0.39,0.99,7.16,TRUNG BÌNH,39.9,0.56,0,0,0,0,0,0,0,1,0
PDR,2020-11-20,BUY,3,UPTREND,Uptrend,['UPTREND'],1,180,2021-07-30,20.95,0,0,0,0,-100.0,100.0,-1.0,59.3,59.3,65.2,26.8,-0.0211,1.58,0.37,0.99,8.44,CAO,47.05,6.77,0,0,0,0,0,0,0,1,0
PDR,2020-11-23,BUY,2,DMI_WAVE,Lướt Sóng DMI,"['DMI_WAVE', 'UPTREND']",2,10,2020-12-07,20.95,0,0,0,0,-100.0,100.0,-1.0,75.0,70.0,65.2,27.7,0.0366,0.96,5.67,0.981,8.19,CAO,45.62,6.11,0,0,0,1,0,0,0,1,0
PDR,2020-11-24,BUY,3,UPTREND,Uptrend,['UPTREND'],1,180,2021-08-03,20.92,0,0,0,0,-100.0,100.0,-1.0,59.3,59.3,64.8,28.2,0.0647,0.96,1.41,0.961,7.94,TRUNG BÌNH,44.23,5.35,0,0,0,0,0,0,0,1,0
PDR,2020-11-25,BUY,3,UPTREND,Uptrend,['UPTREND'],1,180,2021-08-04,20.27,0,0,0,0,-100.0,100.0,-1.0,59.3,59.3,57.3,28.0,0.0329,1.0,7.57,0.959,8.0,TRUNG BÌNH,44.55,1.88,0,0,0,0,0,0,0,1,0
PDR,2020-11-26,BUY,3,UPTREND,Uptrend,['UPTREND'],1,180,2021-08-05,20.32,0,0,0,0,-100.0,100.0,-1.0,59.3,59.3,57.7,27.1,0.01,0.96,3.26,0.954,7.75,TRUNG BÌNH,43.21,2.03,0,0,0,0,0,0,0,1,0
PDR,2020-11-27,BUY,3,UPTREND,Uptrend,['UPTREND'],1,180,2021-08-06,20.75,0,0,0,0,-100.0,100.0,-1.0,59.3,59.3,61.1,27.0,0.0179,1.46,1.46,0.953,7.66,TRUNG BÌNH,42.69,3.78,0,0,0,0,0,0,0,1,0
PDR,2020-11-30,BUY,3,UPTREND,Uptrend,['UPTREND'],1,180,2021-08-09,20.65,0,0,0,0,-100.0,100.0,-1.0,59.3,59.3,59.9,26.9,0.011,1.02,-2.32,0.939,7.44,TRUNG BÌNH,41.43,2.93,0,0,0,0,0,0,0,1,0
PDR,2020-12-01,BUY,3,UPTREND,Uptrend,['UPTREND'],1,180,2021-08-10,20.47,0,0,0,0,-100.0,100.0,-1.0,59.3,59.3,57.7,26.2,-0.01,0.95,1.18,0.95,7.24,TRUNG BÌNH,40.31,1.89,0,0,0,0,0,0,0,1,0
PDR,2020-12-02,BUY,3,UPTREND,Uptrend,['UPTREND'],1,180,2021-08-11,20.42,0,0,0,0,-100.0,100.0,-1.0,59.3,59.3,57.0,25.9,-0.0304,1.0,5.04,0.981,7.02,TRUNG BÌNH,39.1,1.53,0,0,0,0,0,0,0,1,0
PDR,2020-12-03,BUY,3,UPTREND,Uptrend,['UPTREND'],1,180,2021-08-12,21.72,0,0,0,0,-100.0,100.0,-1.0,59.3,59.3,67.2,26.6,0.0368,1.54,6.95,0.988,8.13,CAO,45.27,7.44,0,0,0,0,0,0,0,1,0
PDR,2020-12-07,BUY,3,UPTREND,Uptrend,['UPTREND'],1,180,2021-08-16,21.82,0,0,0,0,-100.0,100.0,-1.0,59.3,59.3,67.8,27.8,0.0925,1.19,2.74,0.99,7.65,TRUNG BÌNH,42.59,7.06,0,0,0,0,0,0,0,1,0
PDR,2020-12-08,BUY,3,UPTREND,Uptrend,['UPTREND'],1,180,2021-08-17,21.7,0,0,0,0,-100.0,100.0,-1.0,59.3,59.3,66.1,27.9,0.0877,0.9,8.84,0.99,7.42,TRUNG BÌNH,41.35,6.13,0,0,0,0,0,0,0,1,0
PDR,2020-12-09,BUY,3,UPTREND,Uptrend,['UPTREND'],1,180,2021-08-18,21.77,0,0,0,0,-100.0,100.0,-1.0,59.3,59.3,66.6,28.1,0.0793,1.14,0.32,0.99,7.2,TRUNG BÌNH,40.11,5.91,0,0,0,0,0,0,0,1,0
PDR,2020-12-10,BUY,3,UPTREND,Uptrend,['UPTREND'],1,180,2021-08-19,21.42,0,0,0,0,-100.0,100.0,-1.0,59.3,59.3,61.3,27.9,0.0422,1.0,-5.98,0.99,7.07,TRUNG BÌNH,39.39,3.78,0,0,0,0,0,0,0,1,0
PDR,2020-12-11,BUY,3,UPTREND,Uptrend,['UPTREND'],1,180,2021-08-20,21.42,0,0,0,0,-100.0,100.0,-1.0,59.3,59.3,61.3,26.9,0.0113,0.91,2.44,0.99,6.85,TRUNG BÌNH,38.19,3.41,0,0,0,0,0,0,0,1,0
PDR,2020-12-14,BUY,3,UPTREND,Uptrend,['UPTREND'],1,180,2021-08-23,22.39,0,0,0,0,-100.0,100.0,-1.0,59.3,59.3,69.2,26.9,0.0477,1.53,-3.88,0.99,7.36,TRUNG BÌNH,41.0,7.24,0,0,0,0,0,0,0,1,0
PDR,2020-12-15,BUY,3,UPTREND,Uptrend,['UPTREND'],1,180,2021-08-24,22.17,0,0,0,0,-100.0,100.0,-1.0,59.3,59.3,65.9,26.9,0.0484,1.13,2.16,0.986,7.17,TRUNG BÌNH,39.93,5.54,0,0,0,0,0,0,0,1,0
PDR,2020-12-16,BUY,3,UPTREND,Uptrend,['UPTREND'],1,180,2021-08-25,22.22,0,0,0,0,-100.0,100.0,-1.0,59.3,59.3,66.3,26.8,0.0438,1.29,3.17,0.972,6.95,TRUNG BÌNH,38.73,5.09,0,0,0,0,0,0,0,1,0
PDR,2020-12-17,BUY,3,UPTREND,Uptrend,['UPTREND'],1,180,2021-08-26,21.97,0,0,0,0,-100.0,100.0,-1.0,59.3,59.3,62.5,26.3,0.0168,1.1,-1.47,0.96,6.78,TRUNG BÌNH,37.8,3.35,0,0,0,0,0,0,0,1,0
PDR,2020-12-18,BUY,3,UPTREND,Uptrend,['UPTREND'],1,180,2021-08-27,21.84,0,0,0,0,-100.0,100.0,-1.0,59.3,59.3,60.5,26.0,-0.0151,1.38,6.56,0.949,6.59,TRUNG BÌNH,36.72,2.27,0,0,0,0,0,0,0,1,0
PDR,2020-12-21,BUY,2,DMI_WAVE,Lướt Sóng DMI,"['DMI_WAVE', 'UPTREND']",2,10,2021-01-04,23.34,0,0,0,0,-100.0,100.0,-1.0,75.0,70.0,71.6,26.9,0.0556,1.44,5.26,0.897,7.99,TRUNG BÌNH,44.51,8.66,0,0,0,1,0,0,0,1,0
PDR,2020-12-22,BUY,2,DMI_WAVE,Lướt Sóng DMI,"['DMI_WAVE', 'UPTREND']",2,10,2021-01-05,23.97,0,0,0,0,-100.0,100.0,-1.0,75.0,70.0,74.8,28.2,0.1313,1.38,-1.54,0.886,7.97,TRUNG BÌNH,44.41,10.7,0,0,0,1,0,0,0,1,0
PDR,2020-12-23,BUY,2,DMI_WAVE,Lướt Sóng DMI,"['DMI_WAVE', 'UPTREND']",2,10,2021-01-06,24.87,0,0,0,0,-100.0,100.0,-1.0,75.0,70.0,78.5,30.2,0.2231,1.3,4.38,0.91,8.16,CAO,45.46,13.63,0,0,0,1,0,0,0,1,0
PDR,2020-12-24,BUY,3,UPTREND,Uptrend,['UPTREND'],1,180,2021-09-02,24.97,0,0,0,0,-100.0,100.0,-1.0,59.3,59.3,78.9,31.8,0.2685,0.95,7.45,0.899,7.92,TRUNG BÌNH,44.11,13.11,0,0,0,0,0,0,0,1,0
PDR,2020-12-25,BUY,3,UPTREND,Uptrend,['UPTREND'],1,180,2021-09-03,24.47,0,0,0,0,-100.0,100.0,-1.0,59.3,59.3,72.2,33.4,0.2436,0.99,1.62,0.926,7.8,TRUNG BÌNH,43.47,9.85,0,0,0,0,0,0,0,1,0
PDR,2020-12-28,BUY,3,UPTREND,Uptrend,['UPTREND'],1,180,2021-09-06,24.82,0,0,0,0,-100.0,100.0,-1.0,59.3,59.3,73.8,34.9,0.2297,1.13,0.39,0.947,7.63,TRUNG BÌNH,42.51,10.44,0,0,0,0,0,0,0,1,0
PDR,2020-12-29,BUY,2,DMI_WAVE,Lướt Sóng DMI,"['DMI_WAVE', 'UPTREND']",2,10,2021-01-12,25.96,0,0,0,0,-100.0,100.0,-1.0,75.0,70.0,78.4,37.2,0.2733,1.25,1.78,0.978,8.06,CAO,44.92,14.13,0,0,0,1,0,0,0,1,0
PDR,2020-12-30,BUY,3,UPTREND,Uptrend,['UPTREND'],1,180,2021-09-08,25.51,0,0,0,0,-100.0,100.0,-1.0,59.3,59.3,73.0,39.3,0.2485,0.91,1.48,0.99,7.91,TRUNG BÌNH,44.07,11.11,0,0,0,0,0,0,0,1,0
PDR,2020-12-31,BUY,3,UPTREND,Uptrend,['UPTREND'],1,180,2021-09-09,25.71,0,0,0,0,-100.0,100.0,-1.0,59.3,59.3,73.9,41.2,0.223,0.94,2.18,0.99,7.69,TRUNG BÌNH,42.83,10.88,0,0,0,0,0,0,0,1,0
PDR,2021-01-04,BUY,2,DMI_WAVE,Lướt Sóng DMI,"['DMI_WAVE', 'UPTREND']",2,10,2021-01-18,25.86,0,0,0,0,-100.0,100.0,-1.0,75.0,70.0,74.5,43.3,0.1948,1.01,4.97,0.99,7.46,TRUNG BÌNH,41.59,10.65,0,0,0,1,0,0,0,1,0
PDR,2021-01-05,BUY,3,UPTREND,Uptrend,['UPTREND'],1,180,2021-09-14,25.66,0,0,0,0,-100.0,100.0,-1.0,59.3,59.3,71.9,45.2,0.1436,0.96,3.62,0.99,7.26,TRUNG BÌNH,40.43,8.89,0,0,0,0,0,0,0,1,0
PDR,2021-01-06,BUY,3,UPTREND,Uptrend,['UPTREND'],1,180,2021-09-15,25.91,0,0,0,0,-100.0,100.0,-1.0,59.3,59.3,73.2,46.2,0.109,1.03,-1.74,0.99,7.07,TRUNG BÌNH,39.39,9.13,0,0,0,0,0,0,0,1,0
PDR,2021-01-07,BUY,3,UPTREND,Uptrend,['UPTREND'],1,180,2021-09-16,25.76,0,0,0,0,-100.0,100.0,-1.0,59.3,59.3,71.1,47.2,0.0609,0.92,4.14,0.99,6.87,TRUNG BÌNH,38.25,7.71,0,0,0,0,0,0,0,1,0
PDR,2021-01-08,BUY,3,UPTREND,Uptrend,['UPTREND'],1,180,2021-09-17,25.66,0,0,0,0,-100.0,100.0,-1.0,59.3,59.3,69.7,47.8,0.0099,1.06,-5.54,0.99,6.66,TRUNG BÌNH,37.12,6.51,0,0,0,0,0,0,0,1,0
PDR,2021-01-11,BUY,3,UPTREND,Uptrend,['UPTREND'],1,180,2021-09-20,25.71,0,0,0,0,-100.0,100.0,-1.0,59.3,59.3,70.0,48.3,-0.0307,0.67,1.97,0.99,6.46,TRUNG BÌNH,35.99,6.08,0,0,0,0,0,0,0,1,0
PDR,2021-01-12,BUY,3,UPTREND,Uptrend,['UPTREND'],1,180,2021-09-21,25.71,0,0,0,0,-100.0,100.0,-1.0,59.3,59.3,70.0,48.8,-0.0658,1.04,-1.95,0.99,6.26,TRUNG BÌNH,34.9,5.21,0,0,0,0,0,0,0,1,0
PDR,2021-01-13,BUY,2,DMI_WAVE,Lướt Sóng DMI,"['DMI_WAVE', 'UPTREND']",2,10,2021-01-27,26.61,0,0,0,0,-100.0,100.0,-1.0,75.0,70.0,75.4,49.9,-0.038,1.42,-0.69,0.99,6.55,TRUNG BÌNH,36.47,7.9,0,0,0,1,0,0,0,1,0
PDR,2021-01-14,BUY,2,DMI_WAVE,Lướt Sóng DMI,"['DMI_WAVE', 'UPTREND']",2,10,2021-01-28,27.96,0,0,0,0,-100.0,100.0,-1.0,75.0,70.0,81.0,51.7,0.0565,1.46,7.31,0.99,7.27,TRUNG BÌNH,40.49,11.81,0,0,0,1,0,0,0,1,0
PDR,2021-01-15,BUY,3,UPTREND,Uptrend,['UPTREND'],1,180,2021-09-24,27.61,0,0,0,0,-100.0,100.0,-1.0,59.3,59.3,76.2,53.3,0.0794,0.97,1.34,0.99,7.1,TRUNG BÌNH,39.56,9.3,0,0,0,0,0,0,0,1,0
PDR,2021-01-18,BUY,3,UPTREND,Uptrend,['UPTREND'],1,180,2021-09-27,27.46,0,0,0,0,-100.0,100.0,-1.0,59.3,59.3,74.2,54.3,0.0686,0.97,0.78,0.99,6.89,TRUNG BÌNH,38.41,7.52,0,0,0,0,0,0,0,1,0
PDR,2021-01-19,BUY,3,UPTREND,Uptrend,['UPTREND'],1,180,2021-09-28,26.66,0,0,0,0,-100.0,100.0,-1.0,59.3,59.3,64.3,52.6,-0.0042,0.77,2.87,0.99,6.99,TRUNG BÌNH,38.92,3.58,0,0,0,0,0,0,0,1,0
PDR,2021-01-20,BUY,3,UPTREND,Uptrend,['UPTREND'],1,180,2021-09-29,26.46,0,0,0,0,-100.0,100.0,-1.0,59.3,59.3,62.1,50.4,-0.0739,0.89,-1.3,0.979,6.79,TRUNG BÌNH,37.85,2.24,0,0,0,0,0,0,0,1,0
PDR,2021-01-21,BUY,3,UPTREND,Uptrend,['UPTREND'],1,180,2021-09-30,26.66,0,0,0,0,-100.0,100.0,-1.0,59.3,59.3,63.4,48.6,-0.1122,1.01,-1.91,0.987,6.61,TRUNG BÌNH,36.82,2.55,0,0,0,0,0,0,0,1,0
PDR,2021-01-22,BUY,3,UPTREND,Uptrend,['UPTREND'],1,180,2021-10-01,27.66,0,0,0,0,-100.0,100.0,-1.0,59.3,59.3,69.4,47.7,-0.0776,1.24,-6.4,0.99,6.92,TRUNG BÌNH,38.56,5.82,0,0,0,0,0,0,0,1,0
PDR,2021-01-25,BUY,3,UPTREND,Uptrend,['UPTREND'],1,180,2021-10-04,28.21,0,0,0,0,-100.0,100.0,-1.0,59.3,59.3,72.0,47.1,-0.0276,1.33,1.18,0.99,6.85,TRUNG BÌNH,38.18,7.14,0,0,0,0,0,0,0,1,0
PDR,2021-01-26,BUY,3,UPTREND,Uptrend,['UPTREND'],1,180,2021-10-05,27.71,0,0,0,0,-100.0,100.0,-1.0,59.3,59.3,66.3,45.5,-0.0375,0.91,2.65,0.99,6.76,TRUNG BÌNH,37.65,4.69,0,0,0,0,0,0,0,1,0
PDR,2021-01-27,BUY,3,UPTREND,Uptrend,['UPTREND'],1,180,2021-10-06,26.96,0,0,0,0,-100.0,100.0,-1.0,59.3,59.3,58.8,43.8,-0.1003,0.9,7.11,0.99,6.82,TRUNG BÌNH,37.99,1.6,0,0,0,0,0,0,0,1,0
PDR,2021-01-29,BUY,3,UPTREND,Uptrend,['UPTREND'],1,180,2021-10-08,27.86,0,0,0,0,-100.0,100.0,-1.0,59.3,59.3,62.2,38.6,-0.1454,1.03,1.69,0.99,8.0,TRUNG BÌNH,44.55,4.61,0,0,0,0,0,0,0,1,0
PDR,2021-02-01,BUY,3,UPTREND,Uptrend,['UPTREND'],1,180,2021-10-11,27.21,0,0,0,0,-100.0,100.0,-1.0,59.3,59.3,57.2,36.6,-0.1592,0.89,-8.76,0.99,7.92,TRUNG BÌNH,44.13,1.92,0,0,0,0,0,0,0,1,0
PDR,2021-02-02,BUY,3,UPTREND,Uptrend,['UPTREND'],1,180,2021-10-12,27.86,0,0,0,0,-100.0,100.0,-1.0,59.3,59.3,60.6,34.8,-0.1275,1.13,3.21,0.99,7.86,TRUNG BÌNH,43.78,4.02,0,0,0,0,0,0,0,1,0
PDR,2021-02-03,BUY,3,UPTREND,Uptrend,['UPTREND'],1,180,2021-10-13,29.46,0,0,0,0,-100.0,100.0,-1.0,59.3,59.3,67.4,34.5,-0.0078,1.47,5.97,0.99,8.61,CAO,47.97,9.14,0,0,0,0,0,0,0,1,0
PDR,2021-02-04,BUY,3,UPTREND,Uptrend,['UPTREND'],1,180,2021-10-14,29.46,0,0,0,0,-100.0,100.0,-1.0,59.3,59.3,67.4,34.2,0.0586,1.02,7.64,0.99,8.35,CAO,46.5,8.43,0,0,0,0,0,0,0,1,0
PDR,2021-02-05,BUY,3,UPTREND,Uptrend,['UPTREND'],1,180,2021-10-15,30.16,0,0,0,0,-100.0,100.0,-1.0,59.3,59.3,70.1,34.3,0.1326,0.9,1.07,0.99,8.26,CAO,46.02,10.18,0,0,0,0,0,0,0,1,0
PDR,2021-02-08,BUY,3,UPTREND,Uptrend,['UPTREND'],1,180,2021-10-18,30.61,0,0,0,0,-100.0,100.0,-1.0,59.3,59.3,71.7,32.8,0.1913,1.01,7.59,0.99,8.08,CAO,45.0,11.11,0,0,0,0,0,0,0,1,0
PDR,2021-02-09,BUY,3,UPTREND,Uptrend,['UPTREND'],1,180,2021-10-19,31.36,0,0,0,0,-100.0,100.0,-1.0,59.3,59.3,74.1,32.0,0.256,1.08,2.98,0.99,8.01,CAO,44.66,12.78,0,0,0,0,0,0,0,1,0
PDR,2021-02-17,BUY,3,UPTREND,Uptrend,['UPTREND'],1,180,2021-10-27,32.26,0,0,0,0,-100.0,100.0,-1.0,59.3,59.3,76.7,31.8,0.33,1.05,8.78,0.99,8.02,CAO,44.71,14.72,0,0,0,0,0,0,0,1,0
PDR,2021-02-18,BUY,3,UPTREND,Uptrend,['UPTREND'],1,180,2021-10-28,32.51,0,0,0,0,-100.0,100.0,-1.0,59.3,59.3,77.4,31.8,0.3639,1.01,2.43,0.99,7.8,TRUNG BÌNH,43.45,14.65,0,0,0,0,0,0,0,1,0
PDR,2021-02-19,BUY,3,UPTREND,Uptrend,['UPTREND'],1,180,2021-10-29,32.41,0,0,0,0,-100.0,100.0,-1.0,59.3,59.3,76.5,31.8,0.3475,1.02,5.24,0.99,7.56,TRUNG BÌNH,42.15,13.39,0,0,0,0,0,0,0,1,0
PDR,2021-02-22,BUY,3,UPTREND,Uptrend,['UPTREND'],1,180,2021-11-01,32.21,0,0,0,0,-100.0,100.0,-1.0,59.3,59.3,74.5,31.8,0.2934,1.0,6.01,0.99,7.35,TRUNG BÌNH,40.93,11.79,0,0,0,0,0,0,0,1,0
PDR,2021-02-23,BUY,3,UPTREND,Uptrend,['UPTREND'],1,180,2021-11-02,31.96,0,0,0,0,-100.0,100.0,-1.0,59.3,59.3,71.9,31.4,0.2147,0.84,-4.92,0.99,7.14,TRUNG BÌNH,39.8,10.13,0,0,0,0,0,0,0,1,0
PDR,2021-02-24,BUY,3,UPTREND,Uptrend,['UPTREND'],1,180,2021-11-03,31.51,0,0,0,0,-100.0,100.0,-1.0,59.3,59.3,67.5,30.3,0.1113,0.84,-5.76,0.99,7.0,TRUNG BÌNH,38.97,7.76,0,0,0,0,0,0,0,1,0
PDR,2021-02-25,BUY,3,UPTREND,Uptrend,['UPTREND'],1,180,2021-11-04,31.06,0,0,0,0,-100.0,100.0,-1.0,59.3,59.3,63.3,29.0,-0.0023,0.88,-1.18,0.99,6.85,TRUNG BÌNH,38.19,5.5,0,0,0,0,0,0,0,1,0
PDR,2021-02-26,BUY,3,UPTREND,Uptrend,['UPTREND'],1,180,2021-11-05,31.46,0,0,0,0,-100.0,100.0,-1.0,59.3,59.3,65.3,27.9,-0.0622,1.0,0.69,0.99,6.71,TRUNG BÌNH,37.37,6.08,0,0,0,0,0,0,0,1,0
PDR,2021-03-01,BUY,3,UPTREND,Uptrend,['UPTREND'],1,180,2021-11-08,32.11,0,0,0,0,-100.0,100.0,-1.0,59.3,59.3,68.4,27.5,-0.0691,1.09,3.68,0.99,6.66,TRUNG BÌNH,37.11,7.42,0,0,0,0,0,0,0,1,0
PDR,2021-03-02,BUY,3,UPTREND,Uptrend,['UPTREND'],1,180,2021-11-09,32.21,0,0,0,0,-100.0,100.0,-1.0,59.3,59.3,68.9,27.1,-0.0774,1.03,-0.02,0.99,6.46,TRUNG BÌNH,36.0,6.99,0,0,0,0,0,0,0,1,0
PDR,2021-03-03,BUY,3,UPTREND,Uptrend,['UPTREND'],1,180,2021-11-10,32.11,0,0,0,0,-100.0,100.0,-1.0,59.3,59.3,67.8,26.7,-0.0987,0.93,2.31,0.99,6.27,TRUNG BÌNH,34.92,5.86,0,0,0,0,0,0,0,1,0
PDR,2021-03-04,BUY,3,UPTREND,Uptrend,['UPTREND'],1,180,2021-11-11,31.36,0,0,0,0,-100.0,100.0,-1.0,59.3,59.3,60.3,25.6,-0.1684,0.54,2.69,0.99,6.29,TRUNG BÌNH,35.06,2.74,0,0,0,0,0,0,0,1,0
PDR,2021-03-19,BUY,2,DMI_WAVE,Lướt Sóng DMI,"['DMI_WAVE', 'UPTREND']",2,10,2021-04-02,34.2,0,0,0,0,-100.0,100.0,-1.0,75.0,70.0,74.3,25.7,0.0258,0.88,1.77,0.97,5.29,TRUNG BÌNH,29.5,6.09,0,0,0,1,0,0,0,1,0
PDR,2021-03-22,BUY,3,UPTREND,Uptrend,['UPTREND'],1,180,2021-11-29,33.7,0,0,0,0,-100.0,100.0,-1.0,59.3,59.3,67.6,26.4,-0.0092,0.85,-4.72,0.99,5.23,TRUNG BÌNH,29.16,4.3,0,0,0,0,0,0,0,1,0
PDR,2021-03-23,BUY,2,DMI_WAVE,Lướt Sóng DMI,"['DMI_WAVE', 'UPTREND']",2,10,2021-04-06,34.69,0,0,0,0,-100.0,100.0,-1.0,75.0,70.0,72.8,27.7,0.022,1.0,2.25,0.99,5.47,TRUNG BÌNH,30.49,6.98,0,0,0,1,0,0,0,1,0
PDR,2021-03-24,BUY,3,UPTREND,Uptrend,['UPTREND'],1,180,2021-12-01,34.42,0,0,0,0,-100.0,100.0,-1.0,59.3,59.3,69.5,28.9,0.0124,0.83,1.22,0.99,5.33,TRUNG BÌNH,29.71,5.75,0,0,0,0,0,0,0,1,0
PDR,2021-03-25,BUY,3,UPTREND,Uptrend,['UPTREND'],1,180,2021-12-02,34.14,0,0,0,0,-100.0,100.0,-1.0,59.3,59.3,66.1,30.0,-0.0229,0.81,-1.58,0.99,5.2,TRUNG BÌNH,28.98,4.44,0,0,0,0,0,0,0,1,0
PDR,2021-03-26,BUY,3,UPTREND,Uptrend,['UPTREND'],1,180,2021-12-03,33.76,0,0,0,0,-100.0,100.0,-1.0,59.3,59.3,61.8,29.2,-0.0787,0.83,1.07,0.99,5.1,TRUNG BÌNH,28.43,2.92,0,0,0,0,0,0,0,1,0
PDR,2021-03-29,BUY,3,UPTREND,Uptrend,['UPTREND'],1,180,2021-12-06,34.03,0,0,0,0,-100.0,100.0,-1.0,59.3,59.3,63.6,28.6,-0.1028,0.93,3.02,0.99,4.98,TRUNG BÌNH,27.74,3.42,0,0,0,0,0,0,0,1,0
PDR,2021-03-30,BUY,3,UPTREND,Uptrend,['UPTREND'],1,180,2021-12-07,33.92,0,0,0,0,-100.0,100.0,-1.0,59.3,59.3,62.3,28.2,-0.1298,0.85,-0.1,0.99,4.83,TRUNG BÌNH,26.92,2.79,0,0,0,0,0,0,0,1,0
PDR,2021-03-31,BUY,3,UPTREND,Uptrend,['UPTREND'],1,180,2021-12-08,34.03,0,0,0,0,-100.0,100.0,-1.0,59.3,59.3,63.1,27.6,-0.1429,0.82,1.75,0.99,4.69,TRUNG BÌNH,26.13,2.84,0,0,0,0,0,0,0,1,0
PDR,2021-04-01,BUY,3,UPTREND,Uptrend,['UPTREND'],1,180,2021-12-09,34.69,0,0,0,0,-100.0,100.0,-1.0,59.3,59.3,67.7,27.9,-0.1112,1.05,-2.37,0.99,4.74,TRUNG BÌNH,26.44,4.47,0,0,0,0,0,0,0,1,0
PDR,2021-04-02,BUY,2,DMI_WAVE,Lướt Sóng DMI,"['DMI_WAVE', 'UPTREND']",2,10,2021-04-16,35.46,0,0,0,0,-100.0,100.0,-1.0,75.0,70.0,72.0,28.9,-0.0457,1.12,5.04,0.99,4.85,TRUNG BÌNH,27.05,6.07,0,0,0,1,0,0,0,1,0
PDR,2021-04-05,BUY,2,DMI_WAVE,Lướt Sóng DMI,"['DMI_WAVE', 'UPTREND']",2,10,2021-04-19,37.33,0,0,0,0,-100.0,100.0,-1.0,75.0,70.0,79.3,31.0,0.1078,1.23,3.15,0.99,5.97,TRUNG BÌNH,33.29,10.56,0,0,0,1,0,0,0,1,0
PDR,2021-04-06,BUY,3,UPTREND,Uptrend,['UPTREND'],1,180,2021-12-14,37.22,0,0,0,0,-100.0,100.0,-1.0,59.3,59.3,78.0,33.0,0.1818,0.95,7.97,0.99,5.8,TRUNG BÌNH,32.29,9.25,0,0,0,0,0,0,0,1,0
PDR,2021-04-07,BUY,3,UPTREND,Uptrend,['UPTREND'],1,180,2021-12-15,37.71,0,0,0,0,-100.0,100.0,-1.0,59.3,59.3,79.6,35.0,0.24,0.97,2.26,0.985,5.69,TRUNG BÌNH,31.73,9.75,0,0,0,0,0,0,0,1,0
PDR,2021-04-08,BUY,3,UPTREND,Uptrend,['UPTREND'],1,180,2021-12-16,37.71,0,0,0,0,-100.0,100.0,-1.0,59.3,59.3,79.6,36.9,0.2534,0.89,2.8,0.923,5.52,TRUNG BÌNH,30.76,8.9,0,0,0,0,0,0,0,1,0
PDR,2021-04-09,BUY,3,UPTREND,Uptrend,['UPTREND'],1,180,2021-12-17,37.66,0,0,0,0,-100.0,100.0,-1.0,59.3,59.3,78.9,38.4,0.2343,0.89,4.84,0.9,5.35,TRUNG BÌNH,29.83,8.14,0,0,0,0,0,0,0,1,0
PDR,2021-04-12,BUY,3,UPTREND,Uptrend,['UPTREND'],1,180,2021-12-20,37.49,0,0,0,0,-100.0,100.0,-1.0,59.3,59.3,76.5,39.9,0.1875,0.88,-3.15,0.906,5.2,TRUNG BÌNH,28.97,7.05,0,0,0,0,0,0,0,1,0
PDR,2021-04-13,BUY,3,UPTREND,Uptrend,['UPTREND'],1,180,2021-12-21,37.22,0,0,0,0,-100.0,100.0,-1.0,59.3,59.3,72.8,40.7,0.1191,0.86,-2.72,0.937,5.07,TRUNG BÌNH,28.23,5.72,0,0,0,0,0,0,0,1,0
PDR,2021-04-14,BUY,3,UPTREND,Uptrend,['UPTREND'],1,180,2021-12-22,37.11,0,0,0,0,-100.0,100.0,-1.0,59.3,59.3,71.3,40.7,0.0507,0.88,-1.86,0.961,4.92,TRUNG BÌNH,27.39,4.88,0,0,0,0,0,0,0,1,0
PDR,2021-04-15,BUY,3,UPTREND,Uptrend,['UPTREND'],1,180,2021-12-23,37.11,0,0,0,0,-100.0,100.0,-1.0,59.3,59.3,71.3,40.9,-0.0073,0.91,-6.09,0.987,4.77,TRUNG BÌNH,26.56,4.41,0,0,0,0,0,0,0,1,0
PDR,2021-04-16,BUY,2,DMI_WAVE,Lướt Sóng DMI,"['DMI_WAVE', 'UPTREND']",2,10,2021-04-30,38.97,0,0,0,0,-100.0,100.0,-1.0,75.0,70.0,79.7,42.3,0.0631,1.52,5.39,0.99,5.8,TRUNG BÌNH,32.29,8.71,0,0,0,1,0,0,0,1,0
PDR,2021-04-19,BUY,2,DMI_WAVE,Lướt Sóng DMI,"['DMI_WAVE', 'UPTREND']",2,10,2021-05-03,41.66,0,0,0,0,-100.0,100.0,-1.0,75.0,70.0,86.0,44.3,0.263,1.61,0.35,0.99,7.4,TRUNG BÌNH,41.24,14.65,0,0,0,1,0,0,0,1,0
PDR,2021-04-20,BUY,2,DMI_WAVE,Lướt Sóng DMI,"['DMI_WAVE', 'UPTREND']",2,10,2021-05-04,43.58,0,0,0,0,-100.0,100.0,-1.0,75.0,70.0,88.7,46.7,0.4839,1.86,6.86,0.99,7.86,TRUNG BÌNH,43.82,17.49,0,0,0,1,0,0,0,1,0
PDR,2021-04-22,BUY,3,UPTREND,Uptrend,['UPTREND'],1,180,2021-12-30,41.94,0,0,0,0,-100.0,100.0,-1.0,59.3,59.3,75.3,49.0,0.4781,1.12,8.67,0.99,8.06,CAO,44.93,11.8,0,0,0,0,0,0,0,1,0
PDR,2021-04-23,BUY,3,UPTREND,Uptrend,['UPTREND'],1,180,2021-12-31,43.09,0,0,0,0,-100.0,100.0,-1.0,59.3,59.3,77.8,50.8,0.5074,1.1,6.31,0.99,8.05,CAO,44.85,13.6,0,0,0,0,0,0,0,1,0
PDR,2021-04-27,BUY,3,UPTREND,Uptrend,['UPTREND'],1,180,2022-01-04,44.25,0,0,0,0,-100.0,100.0,-1.0,59.3,59.3,74.3,54.7,0.5856,0.91,5.91,0.99,8.65,CAO,48.22,13.28,0,0,0,0,0,0,0,1,0
PDR,2021-04-28,BUY,3,UPTREND,Uptrend,['UPTREND'],1,180,2022-01-05,43.83,0,0,0,0,-100.0,100.0,-1.0,59.3,59.3,71.8,55.4,0.4777,0.98,-0.15,0.99,8.42,CAO,46.89,10.98,0,0,0,0,0,0,0,1,0
PDR,2021-04-29,BUY,3,UPTREND,Uptrend,['UPTREND'],1,180,2022-01-06,43.03,0,0,0,0,-100.0,100.0,-1.0,59.3,59.3,67.2,56.2,0.3136,0.86,1.99,0.99,8.26,CAO,46.02,7.92,0,0,0,0,0,0,0,1,0
PDR,2021-05-04,BUY,2,UPTREND,Uptrend,"['UPTREND', 'STOCH_RSI']",2,180,2022-01-11,44.74,0,0,0,0,-100.0,100.0,-1.0,64.3,59.3,71.4,57.0,0.2824,1.07,-5.27,0.99,8.47,CAO,47.22,10.84,0,0,0,0,0,0,0,1,1
PDR,2021-05-05,BUY,3,UPTREND,Uptrend,['UPTREND'],1,180,2022-01-12,44.32,0,0,0,0,-100.0,100.0,-1.0,59.3,59.3,69.1,57.8,0.1995,0.87,-6.56,0.99,8.24,CAO,45.92,8.61,0,0,0,0,0,0,0,1,0
PDR,2021-05-06,BUY,3,UPTREND,Uptrend,['UPTREND'],1,180,2022-01-13,44.01,0,0,0,0,-100.0,100.0,-1.0,59.3,59.3,67.3,58.0,0.0951,0.84,-4.64,0.99,8.01,CAO,44.61,6.91,0,0,0,0,0,0,0,1,0
PDR,2021-05-07,BUY,3,UPTREND,Uptrend,['UPTREND'],1,180,2022-01-14,43.46,0,0,0,0,-100.0,100.0,-1.0,59.3,59.3,64.2,57.3,-0.0328,0.73,-3.12,0.99,7.81,TRUNG BÌNH,43.52,4.89,0,0,0,0,0,0,0,1,0
PDR,2021-05-10,BUY,3,UPTREND,Uptrend,['UPTREND'],1,180,2022-01-17,42.84,0,0,0,0,-100.0,100.0,-1.0,59.3,59.3,60.8,56.4,-0.1731,0.8,0.97,0.99,7.64,TRUNG BÌNH,42.56,2.77,0,0,0,0,0,0,0,1,0
PDR,2021-05-11,BUY,3,UPTREND,Uptrend,['UPTREND'],1,180,2022-01-18,42.6,0,0,0,0,-100.0,100.0,-1.0,59.3,59.3,59.5,55.2,-0.2893,1.04,-1.94,0.983,7.42,TRUNG BÌNH,41.32,1.65,0,0,0,0,0,0,0,1,0
PDR,2021-05-12,BUY,3,UPTREND,Uptrend,['UPTREND'],1,180,2022-01-19,44.5,0,0,0,0,-100.0,100.0,-1.0,59.3,59.3,65.8,54.7,-0.2469,1.28,0.77,0.971,7.83,TRUNG BÌNH,43.65,5.45,0,0,0,0,0,0,0,1,0
PDR,2021-05-13,BUY,3,UPTREND,Uptrend,['UPTREND'],1,180,2022-01-20,43.58,0,0,0,0,-100.0,100.0,-1.0,59.3,59.3,60.8,54.2,-0.2868,0.92,-2.06,0.99,7.73,TRUNG BÌNH,43.08,2.68,0,0,0,0,0,0,0,1,0
PDR,2021-05-14,BUY,3,UPTREND,Uptrend,['UPTREND'],1,180,2022-01-21,44.13,0,0,0,0,-100.0,100.0,-1.0,59.3,59.3,62.7,53.8,-0.2818,0.72,1.22,0.99,7.55,TRUNG BÌNH,42.05,3.4,0,0,0,0,0,0,0,1,0
PDR,2021-05-17,BUY,3,UPTREND,Uptrend,['UPTREND'],1,180,2022-01-24,43.03,0,0,0,0,-100.0,100.0,-1.0,59.3,59.3,57.0,52.7,-0.3534,0.88,-8.24,0.99,7.52,TRUNG BÌNH,41.91,0.27,0,0,0,0,0,0,0,1,0
PDR,2021-05-20,BUY,3,UPTREND,Uptrend,['UPTREND'],1,180,2022-01-27,44.74,0,0,0,0,-100.0,100.0,-1.0,59.3,59.3,63.3,48.9,-0.3255,0.75,-0.62,0.99,7.4,TRUNG BÌNH,41.21,2.52,0,0,0,0,0,0,0,1,0
PDR,2021-05-21,BUY,3,UPTREND,Uptrend,['UPTREND'],1,180,2022-01-28,46.58,0,0,0,0,-100.0,100.0,-1.0,59.3,59.3,68.7,49.3,-0.1443,1.63,-1.62,0.99,7.72,TRUNG BÌNH,43.03,6.28,0,0,0,0,0,0,0,1,0
PDR,2021-05-24,BUY,2,DMI_WAVE,Lướt Sóng DMI,"['DMI_WAVE', 'UPTREND']",2,10,2021-06-07,46.83,0,0,100,0,113.54,100.0,1.14,75.0,70.0,69.3,49.9,-0.0228,1.17,2.66,0.99,7.5,TRUNG BÌNH,41.78,6.25,0,0,0,1,0,0,0,1,0
PDR,2021-05-25,BUY,3,UPTREND,Uptrend,['UPTREND'],1,180,2022-02-01,46.46,0,0,0,0,-100.0,100.0,-1.0,59.3,59.3,67.1,50.5,0.0153,0.81,4.02,0.99,7.29,TRUNG BÌNH,40.62,4.98,0,0,0,0,0,0,0,1,0
PDR,2021-05-26,BUY,3,UPTREND,Uptrend,['UPTREND'],1,180,2022-02-02,45.85,0,0,0,0,-100.0,100.0,-1.0,59.3,59.3,63.4,50.3,-0.0162,0.82,4.19,0.99,7.13,TRUNG BÌNH,39.71,3.57,0,0,0,0,0,0,0,1,0
PDR,2021-05-27,BUY,2,DMI_WAVE,Lướt Sóng DMI,"['DMI_WAVE', 'UPTREND']",2,10,2021-06-10,47.5,0,0,100,0,110.53,100.0,1.11,75.0,70.0,68.4,50.5,0.0547,1.29,-0.38,0.99,7.35,TRUNG BÌNH,40.97,6.94,0,0,0,1,0,0,0,1,0
PDR,2021-05-28,BUY,3,UPTREND,Uptrend,['UPTREND'],1,180,2022-02-04,47.69,0,0,100,0,109.69,100.0,1.1,59.3,59.3,69.0,50.8,0.0926,1.12,0.89,0.99,7.13,TRUNG BÌNH,39.75,6.87,0,0,0,0,0,0,0,1,0
PDR,2021-05-31,BUY,3,UPTREND,Uptrend,['UPTREND'],1,180,2022-02-07,47.2,0,0,100,0,111.86,100.0,1.12,59.3,59.3,65.9,50.3,0.0643,0.93,-0.85,0.99,6.95,TRUNG BÌNH,38.74,5.4,0,0,0,0,0,0,0,1,0
PDR,2021-06-01,BUY,3,UPTREND,Uptrend,['UPTREND'],1,180,2022-02-08,46.46,0,0,0,0,-100.0,100.0,-1.0,59.3,59.3,61.5,49.9,-0.02,0.59,1.09,0.99,6.83,TRUNG BÌNH,38.06,3.54,0,0,0,0,0,0,0,1,0
PDR,2021-06-02,BUY,3,UPTREND,Uptrend,['UPTREND'],1,180,2022-02-09,47.26,0,0,100,0,111.6,100.0,1.12,59.3,59.3,64.3,49.0,-0.0369,0.87,2.57,0.99,6.73,TRUNG BÌNH,37.5,5.07,0,0,0,0,0,0,0,1,0
PDR,2021-06-03,BUY,3,UPTREND,Uptrend,['UPTREND'],1,180,2022-02-10,47.99,0,0,100,0,108.38,100.0,1.08,59.3,59.3,66.7,48.6,-0.0148,1.31,-0.94,0.99,6.61,TRUNG BÌNH,36.85,6.2,0,0,0,0,0,0,0,1,0
PDR,2021-06-04,BUY,3,UPTREND,Uptrend,['UPTREND'],1,180,2022-02-11,50.14,0,100,100,0,99.44,100.0,0.99,59.3,59.3,72.5,49.2,0.1211,2.2,4.11,0.99,7.13,TRUNG BÌNH,39.75,9.66,0,0,0,0,0,0,0,1,0
PDR,2021-06-07,BUY,2,DMI_WAVE,Lướt Sóng DMI,"['DMI_WAVE', 'UPTREND']",2,10,2021-06-21,51.06,100,100,100,0,95.85,100.0,0.96,75.0,70.0,74.5,50.1,0.2424,1.51,12.29,0.99,7.03,TRUNG BÌNH,39.19,10.49,0,0,0,1,0,0,0,1,0
PDR,2021-06-08,BUY,3,UPTREND,Uptrend,['UPTREND'],1,180,2022-02-15,50.45,0,100,100,0,98.22,100.0,0.98,59.3,59.3,70.8,51.0,0.2501,1.33,1.25,0.99,6.87,TRUNG BÌNH,38.28,8.06,0,0,0,0,0,0,0,1,0
PDR,2021-06-09,BUY,3,UPTREND,Uptrend,['UPTREND'],1,180,2022-02-16,50.38,0,100,100,0,98.49,100.0,0.98,59.3,59.3,70.3,51.0,0.22,1.03,-1.26,0.99,6.66,TRUNG BÌNH,37.12,7.11,0,0,0,0,0,0,0,1,0
PDR,2021-06-10,BUY,3,UPTREND,Uptrend,['UPTREND'],1,180,2022-02-17,51.0,100,100,100,0,96.08,100.0,0.96,59.3,59.3,72.0,51.0,0.2114,1.38,4.8,0.99,6.52,TRUNG BÌNH,36.3,7.55,0,0,0,0,0,0,0,1,0
PDR,2021-06-11,BUY,2,DMI_WAVE,Lướt Sóng DMI,"['DMI_WAVE', 'UPTREND']",2,10,2021-06-25,53.57,100,100,100,100,86.67,-86.67,866.72,75.0,70.0,77.6,51.8,0.3406,1.8,7.82,0.99,7.23,TRUNG BÌNH,40.28,11.63,0,0,0,1,0,0,0,1,0
PDR,2021-06-14,BUY,2,DMI_WAVE,Lướt Sóng DMI,"['DMI_WAVE', 'UPTREND']",2,10,2021-06-28,56.02,100,100,100,100,78.51,-78.51,785.08,75.0,70.0,81.4,53.1,0.5411,1.86,7.5,0.99,7.7,TRUNG BÌNH,42.92,14.68,0,0,0,1,0,0,0,1,0
PDR,2021-06-15,BUY,3,UPTREND,Uptrend,['UPTREND'],1,180,2022-02-22,56.7,100,100,100,100,76.37,-76.37,763.67,59.3,59.3,82.3,54.4,0.6614,1.35,9.29,0.99,7.52,TRUNG BÌNH,41.88,14.47,0,0,0,0,0,0,0,1,0
PDR,2021-06-16,BUY,3,UPTREND,Uptrend,['UPTREND'],1,180,2022-02-23,56.39,100,100,100,100,77.34,-77.34,773.36,59.3,59.3,80.4,55.1,0.6606,1.22,4.27,0.99,7.3,TRUNG BÌNH,40.65,12.55,0,0,0,0,0,0,0,1,0
PDR,2021-06-17,BUY,3,UPTREND,Uptrend,['UPTREND'],1,180,2022-02-24,56.21,100,100,100,100,77.9,-77.9,779.04,59.3,59.3,79.2,55.7,0.5906,0.86,4.64,0.99,7.08,TRUNG BÌNH,39.44,11.26,0,0,0,0,0,0,0,1,0
PDR,2021-06-18,BUY,3,UPTREND,Uptrend,['UPTREND'],1,180,2022-02-25,56.45,100,100,100,100,77.15,-77.15,771.48,59.3,59.3,79.6,55.1,0.5065,1.14,-1.64,0.99,6.87,TRUNG BÌNH,38.27,10.46,0,0,0,0,0,0,0,1,0
PDR,2021-06-21,BUY,3,UPTREND,Uptrend,['UPTREND'],1,180,2022-02-28,55.47,100,100,100,100,80.28,-80.28,802.78,59.3,59.3,73.2,54.6,0.3388,0.85,3.04,0.99,6.77,TRUNG BÌNH,37.71,7.74,0,0,0,0,0,0,0,1,0
PDR,2021-06-22,BUY,3,UPTREND,Uptrend,['UPTREND'],1,180,2022-03-01,54.18,100,100,100,100,84.57,-84.57,845.7,59.3,59.3,65.6,53.4,0.1071,0.79,-4.42,0.99,6.76,TRUNG BÌNH,37.67,4.69,0,0,0,0,0,0,0,1,0
PDR,2021-06-23,BUY,3,UPTREND,Uptrend,['UPTREND'],1,180,2022-03-02,52.77,100,100,100,0,89.5,100.0,0.9,59.3,59.3,58.5,51.2,-0.1606,0.76,-1.84,0.989,6.8,TRUNG BÌNH,37.9,1.54,0,0,0,0,0,0,0,1,0
PDR,2021-06-24,BUY,3,UPTREND,Uptrend,['UPTREND'],1,180,2022-03-03,54.55,100,100,100,100,83.32,-83.32,833.18,59.3,59.3,63.8,49.6,-0.2328,0.61,2.33,0.99,7.0,TRUNG BÌNH,39.01,4.36,0,0,0,0,0,0,0,1,0
PDR,2021-06-25,BUY,3,UPTREND,Uptrend,['UPTREND'],1,180,2022-03-04,58.23,100,100,100,100,71.73,-71.73,717.33,59.3,59.3,71.9,49.2,-0.057,1.32,-2.09,0.99,8.26,CAO,46.03,10.36,0,0,0,0,0,0,0,1,0
PDR,2021-06-28,BUY,3,UPTREND,Uptrend,['UPTREND'],1,180,2022-03-07,57.98,100,100,100,100,72.47,-72.47,724.73,59.3,59.3,70.7,49.1,0.0145,0.97,2.51,0.99,8.02,CAO,44.66,8.99,0,0,0,0,0,0,0,1,0
PDR,2021-06-29,BUY,3,UPTREND,Uptrend,['UPTREND'],1,180,2022-03-08,58.78,100,100,100,100,70.13,-70.13,701.26,59.3,59.3,72.3,49.1,0.0837,0.84,4.54,0.99,7.83,TRUNG BÌNH,43.63,9.76,0,0,0,0,0,0,0,1,0
PDR,2021-06-30,BUY,3,UPTREND,Uptrend,['UPTREND'],1,180,2022-03-09,57.25,100,100,100,100,74.67,-74.67,746.72,59.3,59.3,65.2,49.1,-0.001,0.72,10.55,0.99,7.81,TRUNG BÌNH,43.49,6.23,0,0,0,0,0,0,0,1,0
PDR,2021-07-01,BUY,2,UPTREND,Uptrend,"['UPTREND', 'STOCH_RSI']",2,180,2022-03-10,58.78,100,100,100,100,70.13,-70.13,701.26,64.3,59.3,68.5,48.9,0.0176,0.95,3.46,0.99,7.8,TRUNG BÌNH,43.43,8.11,0,0,0,0,0,0,0,1,1
PDR,2021-07-02,BUY,3,UPTREND,Uptrend,['UPTREND'],1,180,2022-03-11,58.78,100,100,100,100,70.13,-70.13,701.26,59.3,59.3,68.5,48.8,0.0023,1.03,-1.56,0.99,7.56,TRUNG BÌNH,42.11,6.92,0,0,0,0,0,0,0,1,0
PDR,2021-07-05,BUY,3,UPTREND,Uptrend,['UPTREND'],1,180,2022-03-14,58.23,100,100,100,100,71.73,-71.73,717.33,59.3,59.3,65.9,48.6,-0.0686,0.73,0.12,0.99,7.36,TRUNG BÌNH,40.99,5.24,0,0,0,0,0,0,0,1,0
PDR,2021-07-06,BUY,3,UPTREND,Uptrend,['UPTREND'],1,180,2022-03-15,57.86,100,100,100,100,72.83,-72.83,728.31,59.3,59.3,64.2,48.4,-0.159,0.82,-4.52,0.99,7.15,TRUNG BÌNH,39.81,3.95,0,0,0,0,0,0,0,1,0
PDR,2021-07-07,BUY,2,UPTREND,Uptrend,"['UPTREND', 'STOCH_RSI']",2,180,2022-03-16,58.97,100,100,100,100,69.58,-69.58,695.78,64.3,59.3,67.0,48.4,-0.162,0.92,-1.96,0.99,7.06,TRUNG BÌNH,39.32,5.3,0,0,0,0,0,0,0,1,1
PDR,2021-07-08,BUY,3,UPTREND,Uptrend,['UPTREND'],1,180,2022-03-17,58.05,100,100,100,100,72.27,-72.27,722.65,59.3,59.3,62.6,48.5,-0.2393,0.54,-4.76,0.99,6.93,TRUNG BÌNH,38.6,2.98,0,0,0,0,0,0,0,1,0
PDR,2021-07-09,BUY,3,UPTREND,Uptrend,['UPTREND'],1,180,2022-03-18,57.86,100,100,100,100,72.83,-72.83,728.31,59.3,59.3,61.7,48.1,-0.312,0.54,-1.03,0.99,6.72,TRUNG BÌNH,37.44,2.01,0,0,0,0,0,0,0,1,0
PDR,2021-07-20,BUY,3,STOCH_RSI,Giá Tăng + Stochastic RSI,['STOCH_RSI'],1,180,2022-03-29,55.1,100,100,100,100,81.49,-81.49,814.88,53.2,53.2,51.2,31.0,-0.7307,0.8,1.84,0.99,7.19,TRUNG BÌNH,40.07,-2.54,0,0,0,0,0,0,0,0,1
PDR,2021-07-22,BUY,3,STOCH_RSI,Giá Tăng + Stochastic RSI,['STOCH_RSI'],1,180,2022-03-31,55.23,100,100,100,100,81.06,-81.06,810.61,53.2,53.2,51.7,27.4,-0.5698,0.76,-1.87,0.99,6.99,TRUNG BÌNH,38.92,-2.56,0,0,0,0,0,0,0,0,1
PDR,2021-07-26,BUY,3,STOCH_RSI,Giá Tăng + Stochastic RSI,['STOCH_RSI'],1,180,2022-04-04,55.47,100,100,100,100,80.28,-80.28,802.78,53.2,53.2,52.5,24.1,-0.4138,0.84,-0.96,0.99,6.83,TRUNG BÌNH,38.04,-1.69,0,0,0,0,0,0,0,0,1
PDR,2021-10-20,BUY,2,DMI_WAVE,Lướt Sóng DMI,"['DMI_WAVE', 'UPTREND']",2,10,2021-11-03,59.09,100,100,100,100,69.23,-69.23,692.33,75.0,70.0,73.3,36.5,0.7597,1.49,0.49,0.99,5.53,TRUNG BÌNH,30.83,10.62,0,0,0,1,0,0,0,1,0
PDR,2021-10-22,BUY,2,DMI_WAVE,Lướt Sóng DMI,"['DMI_WAVE', 'UPTREND']",2,10,2021-11-05,60.68,100,100,100,100,64.8,-64.8,647.99,75.0,70.0,76.8,41.3,0.783,1.09,4.92,0.99,5.46,TRUNG BÌNH,30.44,11.61,0,0,0,1,0,0,0,1,0
PDR,2021-10-25,BUY,3,UPTREND,Uptrend,['UPTREND'],1,180,2022-07-04,60.07,100,100,100,100,66.47,-66.47,664.72,59.3,59.3,72.9,43.5,0.7123,0.96,0.48,0.99,5.34,TRUNG BÌNH,29.77,9.55,0,0,0,0,0,0,0,1,0
PDR,2021-10-26,BUY,3,UPTREND,Uptrend,['UPTREND'],1,180,2022-07-05,59.03,100,100,100,100,69.41,-69.41,694.05,59.3,59.3,66.6,43.3,0.5507,1.05,5.55,0.99,5.32,TRUNG BÌNH,29.64,6.77,0,0,0,0,0,0,0,1,0
PDR,2021-10-27,BUY,3,UPTREND,Uptrend,['UPTREND'],1,180,2022-07-06,59.52,100,100,100,100,68.01,-68.01,680.11,59.3,59.3,68.0,43.1,0.437,0.89,2.62,0.99,5.19,TRUNG BÌNH,28.92,7.02,0,0,0,0,0,0,0,1,0
PDR,2021-10-28,BUY,3,UPTREND,Uptrend,['UPTREND'],1,180,2022-07-07,58.41,100,100,100,100,71.2,-71.2,712.04,59.3,59.3,61.7,42.9,0.2561,0.89,0.56,0.99,5.2,TRUNG BÌNH,28.96,4.41,0,0,0,0,0,0,0,1,0
PDR,2021-10-29,BUY,3,UPTREND,Uptrend,['UPTREND'],1,180,2022-07-08,58.84,100,100,100,100,69.95,-69.95,699.52,59.3,59.3,63.2,42.8,0.1403,0.93,0.09,0.99,5.07,TRUNG BÌNH,28.22,4.45,0,0,0,0,0,0,0,1,0
PDR,2021-11-01,BUY,3,UPTREND,Uptrend,['UPTREND'],1,180,2022-07-11,57.07,100,100,100,100,75.22,-75.22,752.23,59.3,59.3,54.2,41.0,-0.0693,0.85,-0.13,0.99,5.34,TRUNG BÌNH,29.76,0.83,0,0,0,0,0,0,0,1,0
PDR,2021-11-02,BUY,3,UPTREND,Uptrend,['UPTREND'],1,180,2022-07-12,58.41,100,100,100,100,71.2,-71.2,712.04,59.3,59.3,59.0,39.3,-0.1281,0.98,-2.98,0.99,5.43,TRUNG BÌNH,30.26,2.71,0,0,0,0,0,0,0,1,0
PDR,2021-11-03,BUY,3,UPTREND,Uptrend,['UPTREND'],1,180,2022-07-13,57.31,100,100,100,100,74.49,-74.49,744.9,59.3,59.3,54.0,37.8,-0.2448,0.94,-7.32,0.99,5.43,TRUNG BÌNH,30.24,0.31,0,0,0,0,0,0,0,1,0
PDR,2021-11-05,BUY,3,UPTREND,Uptrend,['UPTREND'],1,180,2022-07-15,58.17,100,100,100,100,71.91,-71.91,719.1,59.3,59.3,57.2,34.2,-0.3074,1.0,1.86,0.99,5.18,TRUNG BÌNH,28.87,0.95,0,0,0,0,0,0,0,1,0
PDR,2022-08-17,BUY,3,DMI_WAVE,Lướt Sóng DMI,['DMI_WAVE'],1,10,2022-08-31,48.66,0,0,100,0,105.51,100.0,1.06,70.0,70.0,81.8,25.0,0.2769,2.59,6.17,0.99,5.38,TRUNG BÌNH,29.98,8.02,0,0,0,1,0,0,0,0,0
PDR,2022-08-18,BUY,3,DMI_WAVE,Lướt Sóng DMI,['DMI_WAVE'],1,10,2022-09-01,48.83,0,0,100,0,104.79,100.0,1.05,70.0,70.0,82.3,28.4,0.3972,1.58,7.7,0.99,5.22,TRUNG BÌNH,29.1,7.63,0,0,0,1,0,0,0,0,0
PDR,2023-04-10,BUY,3,DMI_WAVE,Lướt Sóng DMI,['DMI_WAVE'],1,10,2023-04-24,11.04,0,0,0,0,-100.0,100.0,-1.0,70.0,70.0,62.1,25.2,0.1036,1.35,-3.18,0.984,7.4,TRUNG BÌNH,41.25,4.53,0,0,0,1,0,0,0,0,0
PDR,2023-04-12,BUY,2,SAR_MACD,SAR × MACD Histogram,"['DMI_WAVE', 'SAR_MACD']",2,20,2023-05-10,11.83,0,0,0,0,-100.0,100.0,-1.0,75.6,70.6,72.0,25.9,0.1149,2.62,5.29,0.988,7.87,TRUNG BÌNH,43.84,9.7,0,0,0,1,1,0,0,0,0
PDR,2023-06-01,BUY,3,BOLLINGER,Mở Band Bollinger,['BOLLINGER'],1,5,2023-06-08,12.46,0,0,0,0,-100.0,100.0,-1.0,58.2,58.2,69.5,20.3,0.0961,1.64,-2.34,0.949,6.55,TRUNG BÌNH,36.47,7.49,0,0,0,0,0,1,0,0,0
PDR,2023-06-07,BUY,3,DMI_WAVE,Lướt Sóng DMI,['DMI_WAVE'],1,10,2023-06-21,13.34,0,0,0,0,-100.0,100.0,-1.0,70.0,70.0,75.6,26.4,0.1508,2.39,6.51,0.962,7.62,TRUNG BÌNH,42.45,11.84,0,0,0,1,0,0,0,0,0
PDR,2023-06-08,BUY,3,DMI_WAVE,Lướt Sóng DMI,['DMI_WAVE'],1,10,2023-06-22,13.63,0,0,0,0,-100.0,100.0,-1.0,70.0,70.0,77.7,29.0,0.1881,2.31,8.86,0.968,7.54,TRUNG BÌNH,42.01,12.17,0,0,0,1,0,0,0,0,0
PDR,2023-06-12,BUY,3,DMI_WAVE,Lướt Sóng DMI,['DMI_WAVE'],1,10,2023-06-26,14.8,0,0,0,0,-100.0,100.0,-1.0,70.0,70.0,84.0,34.2,0.2849,1.77,10.1,0.99,8.21,CAO,45.73,17.92,0,0,0,1,0,0,0,0,0
PDR,2023-06-13,BUY,3,DMI_WAVE,Lướt Sóng DMI,['DMI_WAVE'],1,10,2023-06-27,14.8,0,0,0,0,-100.0,100.0,-1.0,70.0,70.0,84.0,37.0,0.3,1.44,12.88,0.99,7.96,TRUNG BÌNH,44.33,16.17,0,0,0,1,0,0,0,0,0
PDR,2023-07-10,BUY,3,BOLLINGER,Mở Band Bollinger,['BOLLINGER'],1,5,2023-07-17,15.47,0,0,0,0,-100.0,100.0,-1.0,58.2,58.2,68.7,26.9,-0.0118,1.88,6.69,0.99,8.58,CAO,47.81,7.75,0,0,0,0,0,1,0,0,0
PDR,2023-07-11,BUY,3,DMI_WAVE,Lướt Sóng DMI,['DMI_WAVE'],1,10,2023-07-25,15.38,0,0,0,0,-100.0,100.0,-1.0,70.0,70.0,67.3,27.9,0.0258,0.87,9.24,0.99,8.33,CAO,46.41,6.96,0,0,0,1,0,0,0,0,0
PDR,2023-07-17,BUY,3,DMI_WAVE,Lướt Sóng DMI,['DMI_WAVE'],1,10,2023-07-31,16.3,0,0,0,0,-100.0,100.0,-1.0,70.0,70.0,71.4,31.1,0.1213,1.22,6.29,0.99,8.14,CAO,45.34,10.03,0,0,0,1,0,0,0,0,0
PDR,2023-07-21,BUY,3,DMI_WAVE,Lướt Sóng DMI,['DMI_WAVE'],1,10,2023-08-04,17.39,0,0,0,0,-100.0,100.0,-1.0,70.0,70.0,73.6,32.1,0.1215,1.71,3.81,0.981,9.14,CAO,50.94,14.14,0,0,0,1,0,0,0,0,0
PDR,2023-07-24,BUY,3,DMI_WAVE,Lướt Sóng DMI,['DMI_WAVE'],1,10,2023-08-07,17.85,0,0,0,0,-100.0,100.0,-1.0,70.0,70.0,75.8,33.5,0.1768,1.05,-0.31,0.984,9.05,CAO,50.44,15.77,0,0,0,1,0,0,0,0,0
PDR,2023-08-04,BUY,2,SAR_MACD,SAR × MACD Histogram,"['SAR_MACD', 'UPTREND']",2,20,2023-09-01,18.77,0,0,0,0,-100.0,100.0,-1.0,75.6,70.6,72.4,35.6,0.0172,1.78,2.35,0.99,8.37,CAO,46.61,10.65,0,0,0,0,1,0,0,1,0
PDR,2023-08-07,BUY,3,UPTREND,Uptrend,['UPTREND'],1,180,2024-04-15,18.81,0,0,0,0,-100.0,100.0,-1.0,59.3,59.3,72.6,35.8,0.0265,0.81,1.99,0.99,8.11,CAO,45.2,9.36,0,0,0,0,0,0,0,1,0
PDR,2023-08-15,BUY,3,UPTREND,Uptrend,['UPTREND'],1,180,2024-04-23,18.73,0,0,0,0,-100.0,100.0,-1.0,59.3,59.3,64.6,32.5,-0.0669,0.6,-2.12,0.99,7.7,TRUNG BÌNH,42.87,4.7,0,0,0,0,0,0,0,1,0
PDR,2023-08-16,BUY,2,UPTREND,Uptrend,"['UPTREND', 'STOCH_RSI']",2,180,2024-04-24,19.06,0,0,0,0,-100.0,100.0,-1.0,64.3,59.3,66.9,31.6,-0.0513,0.86,3.75,0.99,7.56,TRUNG BÌNH,42.13,5.69,0,0,0,0,0,0,0,1,1
PDR,2023-08-29,BUY,3,SAR_MACD,SAR × MACD Histogram,['SAR_MACD'],1,20,2023-09-26,20.07,0,0,0,0,-100.0,100.0,-1.0,70.6,70.6,68.0,22.1,0.0047,2.14,5.75,0.946,9.35,CAO,52.12,9.01,0,0,0,0,1,0,0,0,0
PDR,2023-09-13,BUY,2,DMI_WAVE,Lướt Sóng DMI,"['DMI_WAVE', 'UPTREND']",2,10,2023-09-27,21.95,0,0,0,0,-100.0,100.0,-1.0,75.0,70.0,71.3,27.1,0.1697,1.02,0.13,0.99,8.91,CAO,49.64,12.62,0,0,0,1,0,0,0,1,0
PDR,2023-09-14,BUY,3,UPTREND,Uptrend,['UPTREND'],1,180,2024-05-23,21.24,0,0,0,0,-100.0,100.0,-1.0,59.3,59.3,63.3,26.7,0.1034,1.21,-0.42,0.99,8.93,CAO,49.75,8.24,0,0,0,0,0,0,0,1,0
PDR,2023-09-15,BUY,3,UPTREND,Uptrend,['UPTREND'],1,180,2024-05-24,21.86,0,0,0,0,-100.0,100.0,-1.0,59.3,59.3,66.8,26.0,0.0871,1.27,3.79,0.99,8.89,CAO,49.55,10.54,0,0,0,0,0,0,0,1,0
PDR,2023-09-18,BUY,3,UPTREND,Uptrend,['UPTREND'],1,180,2024-05-27,21.49,0,0,0,0,-100.0,100.0,-1.0,59.3,59.3,63.0,25.3,0.0398,0.53,-1.27,0.99,8.7,CAO,48.49,8.29,0,0,0,0,0,0,0,1,0
PDR,2023-10-02,BUY,3,STOCH_RSI,Giá Tăng + Stochastic RSI,['STOCH_RSI'],1,180,2024-06-10,20.32,0,0,0,0,-100.0,100.0,-1.0,53.2,53.2,51.5,23.0,-0.2837,0.37,0.06,0.99,10.41,CAO,57.99,-2.66,0,0,0,0,0,0,0,0,1
PDR,2024-01-26,BUY,3,SAR_MACD,SAR × MACD Histogram,['SAR_MACD'],1,20,2024-02-23,23.83,0,0,0,0,-100.0,100.0,-1.0,70.6,70.6,59.4,6.9,0.0061,2.43,-2.22,0.99,5.23,TRUNG BÌNH,29.13,2.24,0,0,0,0,1,0,0,0,0
PDR,2024-02-02,BUY,3,BOLLINGER,Mở Band Bollinger,['BOLLINGER'],1,5,2024-02-09,24.66,0,0,0,0,-100.0,100.0,-1.0,58.2,58.2,64.8,8.6,0.078,2.95,4.35,0.981,5.63,TRUNG BÌNH,31.38,4.53,0,0,0,0,0,1,0,0,0
PDR,2024-05-03,BUY,3,STOCH_RSI,Giá Tăng + Stochastic RSI,['STOCH_RSI'],1,180,2025-01-10,22.53,0,0,0,0,-100.0,100.0,-1.0,53.2,53.2,39.6,34.4,-0.3202,1.12,7.28,0.99,8.83,CAO,49.21,-9.08,0,0,0,0,0,0,0,0,1
PDR,2024-09-17,BUY,3,STOCH_RSI,Giá Tăng + Stochastic RSI,['STOCH_RSI'],1,180,2025-05-27,20.13,0,0,0,0,-100.0,100.0,-1.0,53.2,53.2,56.6,22.2,-0.0224,1.01,-1.41,0.99,8.17,CAO,45.55,2.35,0,0,0,0,0,0,0,0,1
PDR,2024-11-07,BUY,3,SAR_MACD,SAR × MACD Histogram,['SAR_MACD'],1,20,2024-12-05,20.09,0,0,0,0,-100.0,100.0,-1.0,70.6,70.6,56.1,19.6,0.0499,1.66,0.3,0.99,5.94,TRUNG BÌNH,33.12,3.09,0,0,0,0,1,0,0,0,0
PDR,2025-03-17,BUY,3,SAR_MACD,SAR × MACD Histogram,['SAR_MACD'],1,20,2025-04-14,19.26,0,0,0,0,-100.0,100.0,-1.0,70.6,70.6,61.6,22.4,0.0663,1.62,2.18,0.99,5.48,TRUNG BÌNH,30.52,4.13,0,0,0,0,1,0,0,0,0
PDR,2025-07-07,BUY,3,BOLLINGER,Mở Band Bollinger,['BOLLINGER'],1,5,2025-07-14,17.54,0,0,0,0,-100.0,100.0,-1.0,58.2,58.2,66.2,12.4,0.0638,1.86,3.43,0.99,6.33,TRUNG BÌNH,35.24,6.1,0,0,0,0,0,1,0,0,0
PDR,2025-07-17,BUY,3,DMI_WAVE,Lướt Sóng DMI,['DMI_WAVE'],1,10,2025-07-31,19.35,0,0,0,0,-100.0,100.0,-1.0,70.0,70.0,74.9,25.5,0.2011,1.97,3.25,0.99,7.06,TRUNG BÌNH,39.36,10.65,0,0,0,1,0,0,0,0,0
PDR,2025-07-23,BUY,3,DMI_WAVE,Lướt Sóng DMI,['DMI_WAVE'],1,10,2025-08-06,18.7,0,0,0,0,-100.0,100.0,-1.0,70.0,70.0,62.6,31.1,0.1005,0.94,1.23,0.974,6.76,TRUNG BÌNH,37.65,4.18,0,0,0,1,0,0,0,0,0
PDR,2025-07-25,BUY,3,DMI_WAVE,Lướt Sóng DMI,['DMI_WAVE'],1,10,2025-08-08,19.21,0,0,0,0,-100.0,100.0,-1.0,70.0,70.0,66.8,32.8,0.0714,1.12,-4.92,0.942,6.63,TRUNG BÌNH,36.94,6.11,0,0,0,1,0,0,0,0,0
PDR,2025-07-28,BUY,2,SAR_MACD,SAR × MACD Histogram,"['DMI_WAVE', 'SAR_MACD']",2,20,2025-08-25,20.55,0,0,0,0,-100.0,100.0,-1.0,75.6,70.6,74.7,34.6,0.1499,2.22,3.62,0.971,8.06,CAO,44.93,11.83,0,0,0,1,1,0,0,0,0
PDR,2025-08-07,BUY,3,STOCH_RSI,Giá Tăng + Stochastic RSI,['STOCH_RSI'],1,180,2026-04-16,19.95,0,0,0,0,-100.0,100.0,-1.0,53.2,53.2,62.8,35.8,-0.0207,0.76,-2.29,0.99,8.15,CAO,45.38,4.66,0,0,0,0,0,0,0,0,1
PDR,2025-08-08,BUY,3,SAR_MACD,SAR × MACD Histogram,['SAR_MACD'],1,20,2025-09-05,21.3,0,0,0,0,-100.0,100.0,-1.0,70.6,70.6,70.2,36.5,0.0838,1.94,6.12,0.99,9.2,CAO,51.27,10.51,0,0,0,0,1,0,0,0,0
PDR,2025-08-11,BUY,3,DMI_WAVE,Lướt Sóng DMI,['DMI_WAVE'],1,10,2025-08-25,22.7,0,0,0,0,-100.0,100.0,-1.0,70.0,70.0,75.6,38.0,0.2285,1.51,11.6,0.99,10.03,CAO,55.89,15.84,0,0,0,1,0,0,0,0,0
PDR,2025-08-12,BUY,2,DMI_WAVE,Lướt Sóng DMI,"['DMI_WAVE', 'UPTREND']",2,10,2025-08-26,23.9,0,0,0,0,-100.0,100.0,-1.0,75.0,70.0,79.1,39.9,0.3776,1.66,10.51,0.99,10.4,CAO,57.96,19.73,0,0,0,1,0,0,0,1,0
PDR,2025-08-13,BUY,3,UPTREND,Uptrend,['UPTREND'],1,180,2026-04-22,24.2,0,0,0,0,-100.0,100.0,-1.0,59.3,59.3,79.9,41.8,0.4633,1.54,15.07,0.989,10.12,CAO,56.4,18.95,0,0,0,0,0,0,0,1,0
PDR,2025-08-14,BUY,2,DMI_WAVE,Lướt Sóng DMI,"['DMI_WAVE', 'UPTREND']",2,10,2025-08-28,24.55,0,0,0,0,-100.0,100.0,-1.0,75.0,70.0,80.8,43.7,0.5068,1.16,7.33,0.984,9.87,CAO,54.97,18.93,0,0,0,1,0,0,0,1,0
PDR,2025-08-15,BUY,3,UPTREND,Uptrend,['UPTREND'],1,180,2026-04-24,24.0,0,0,0,0,-100.0,100.0,-1.0,59.3,59.3,75.1,45.4,0.4632,1.13,9.92,0.987,9.69,CAO,54.0,14.79,0,0,0,0,0,0,0,1,0
PDR,2025-08-18,BUY,3,UPTREND,Uptrend,['UPTREND'],1,180,2026-04-27,25.65,0,0,0,0,-100.0,100.0,-1.0,59.3,59.3,79.7,47.2,0.5064,1.9,6.1,0.984,10.55,CAO,58.79,20.01,0,0,0,0,0,0,0,1,0
PDR,2025-08-20,BUY,3,UPTREND,Uptrend,['UPTREND'],1,180,2026-04-29,24.5,0,0,0,0,-100.0,100.0,-1.0,59.3,59.3,69.1,49.3,0.3784,1.52,2.9,0.978,10.44,CAO,58.17,11.33,0,0,0,0,0,0,0,1,0
PDR,2025-08-21,BUY,3,UPTREND,Uptrend,['UPTREND'],1,180,2026-04-30,23.75,0,0,0,0,-100.0,100.0,-1.0,59.3,59.3,63.4,49.1,0.2217,0.88,3.15,0.984,10.35,CAO,57.64,7.11,0,0,0,0,0,0,0,1,0
PDR,2025-08-22,BUY,3,UPTREND,Uptrend,['UPTREND'],1,180,2026-05-01,24.0,0,0,0,0,-100.0,100.0,-1.0,59.3,59.3,64.4,47.1,0.1139,1.55,3.95,0.99,10.06,CAO,56.04,7.2,0,0,0,0,0,0,0,1,0
PDR,2025-08-25,BUY,3,UPTREND,Uptrend,['UPTREND'],1,180,2026-05-04,23.2,0,0,0,0,-100.0,100.0,-1.0,59.3,59.3,58.6,45.2,-0.0251,0.57,-11.01,0.99,10.02,CAO,55.85,2.77,0,0,0,0,0,0,0,1,0
PDR,2025-08-26,BUY,3,UPTREND,Uptrend,['UPTREND'],1,180,2026-05-05,24.4,0,0,0,0,-100.0,100.0,-1.0,59.3,59.3,63.9,43.3,-0.0485,0.74,-1.85,0.99,10.37,CAO,57.77,6.96,0,0,0,0,0,0,0,1,0
PDR,2025-08-27,BUY,3,UPTREND,Uptrend,['UPTREND'],1,180,2026-05-06,24.55,0,0,0,0,-100.0,100.0,-1.0,59.3,59.3,64.5,42.5,-0.0652,1.31,0.49,0.99,10.06,CAO,56.06,6.47,0,0,0,0,0,0,0,1,0
PDR,2025-08-28,BUY,3,UPTREND,Uptrend,['UPTREND'],1,180,2026-05-07,24.4,0,0,0,0,-100.0,100.0,-1.0,59.3,59.3,63.3,41.4,-0.0958,0.88,-0.65,0.99,9.76,CAO,54.4,4.8,0,0,0,0,0,0,0,1,0
PDR,2025-08-29,BUY,3,UPTREND,Uptrend,['UPTREND'],1,180,2026-05-08,24.55,0,0,0,0,-100.0,100.0,-1.0,59.3,59.3,64.0,40.7,-0.1142,0.76,2.54,0.99,9.48,CAO,52.8,4.67,0,0,0,0,0,0,0,1,0
PDR,2025-09-03,BUY,3,UPTREND,Uptrend,['UPTREND'],1,180,2026-05-13,26.25,0,0,0,0,-100.0,100.0,-1.0,59.3,59.3,70.8,40.5,-0.0247,1.61,2.85,0.99,10.38,CAO,57.84,10.82,0,0,0,0,0,0,0,1,0
PDR,2025-09-04,BUY,2,UPTREND,Uptrend,"['UPTREND', 'STOCH_RSI']",2,180,2026-05-14,26.0,0,0,0,0,-100.0,100.0,-1.0,64.3,59.3,68.7,40.8,0.0033,0.58,0.01,0.99,10.09,CAO,56.2,8.45,0,0,0,0,0,0,0,1,1
PDR,2025-10-14,BUY,3,SAR_MACD,SAR × MACD Histogram,['SAR_MACD'],1,20,2025-11-11,24.9,0,0,0,0,-100.0,100.0,-1.0,70.6,70.6,59.4,16.4,0.0984,1.86,5.52,0.929,8.82,CAO,49.14,4.38,0,0,0,0,1,0,0,0,0
